Source IP,Destination IP,Protocol,Source Port,Destination Port
10.24.75.29,224.0.0.251,UDP,5353,5353
10.24.75.29,224.0.0.251,UDP,5353,5353
10.24.65.207,224.0.0.251,UDP,5353,5353
10.24.74.59,224.0.0.22,OTHER,-,-
10.24.82.103,10.24.95.255,UDP,137,137
10.24.82.103,10.24.95.255,UDP,137,137
10.24.77.182,224.0.0.251,UDP,5353,5353
10.24.77.182,224.0.0.251,UDP,5353,5353
10.24.82.103,224.0.0.252,UDP,52938,5355
10.24.74.59,224.0.0.22,OTHER,-,-
10.24.77.220,224.0.0.22,OTHER,-,-
10.24.74.59,224.0.0.251,UDP,5353,5353
10.24.74.59,224.0.0.251,UDP,5353,5353
10.24.77.220,224.0.0.251,UDP,5353,5353
10.24.74.59,224.0.0.251,UDP,5353,5353
10.24.74.59,224.0.0.251,UDP,5353,5353
10.24.74.59,224.0.0.251,UDP,5353,5353
10.24.77.163,10.24.95.255,UDP,137,137
10.24.76.192,224.0.0.251,UDP,5353,5353
10.24.75.71,224.0.0.251,UDP,5353,5353
10.24.77.182,224.0.0.251,UDP,5353,5353
10.24.77.138,224.0.0.251,UDP,5353,5353
10.24.76.164,224.0.0.251,UDP,5353,5353
10.24.76.164,224.0.0.251,UDP,5353,5353
10.24.76.164,224.0.0.251,UDP,5353,5353
10.24.76.146,224.0.0.251,UDP,5353,5353
10.24.77.205,224.0.0.251,UDP,5353,5353
10.24.77.182,224.0.0.251,UDP,5353,5353
10.24.77.224,224.0.0.251,UDP,5353,5353
10.24.74.195,224.0.0.251,UDP,5353,5353
10.24.85.34,224.0.0.251,UDP,5353,5353
10.24.77.173,224.0.0.251,UDP,5353,5353
10.24.77.2,224.0.0.251,UDP,5353,5353
10.24.74.133,224.0.0.251,UDP,5353,5353
10.24.76.122,224.0.0.251,UDP,5353,5353
10.24.82.103,224.0.0.22,OTHER,-,-
10.24.75.237,224.0.0.251,UDP,5353,5353
10.24.77.216,224.0.0.251,UDP,5353,5353
10.24.76.16,224.0.0.251,UDP,5353,5353
10.24.75.155,239.255.255.250,UDP,50872,1900
10.24.82.103,224.0.0.22,OTHER,-,-
10.24.75.155,224.0.0.251,UDP,5353,5353
10.24.77.90,224.0.0.251,UDP,5353,5353
10.24.75.154,224.0.0.251,UDP,5353,5353
10.24.76.164,224.0.0.251,UDP,5353,5353
10.24.75.155,224.0.0.251,UDP,5353,5353
10.24.77.238,224.0.0.251,UDP,5353,5353
10.24.76.34,224.0.0.251,UDP,5353,5353
10.24.77.125,239.255.255.250,UDP,58925,1900
10.24.82.238,224.0.0.251,UDP,5353,5353
10.24.80.214,224.0.0.251,UDP,5353,5353
10.24.77.182,224.0.0.251,UDP,5353,5353
10.24.77.234,224.0.0.251,UDP,5353,5353
10.24.76.189,224.0.0.251,UDP,5353,5353
10.24.77.182,224.0.0.251,UDP,5353,5353
10.24.76.146,224.0.0.251,UDP,5353,5353
10.24.85.34,224.0.0.251,UDP,5353,5353
10.24.77.205,224.0.0.251,UDP,5353,5353
10.24.82.103,224.0.0.252,UDP,52938,5355
10.24.77.173,224.0.0.251,UDP,5353,5353
10.24.77.43,224.0.0.251,UDP,5353,5353
10.24.75.71,224.0.0.251,UDP,5353,5353
10.24.77.238,224.0.0.251,UDP,5353,5353
10.24.77.170,224.0.0.251,UDP,5353,5353
10.24.75.154,224.0.0.251,UDP,5353,5353
10.24.82.238,224.0.0.251,UDP,5353,5353
10.24.77.220,224.0.0.251,UDP,5353,5353
10.24.74.9,224.0.0.251,UDP,5353,5353
10.24.73.31,224.0.0.251,UDP,5353,5353
10.24.76.34,224.0.0.251,UDP,5353,5353
10.24.77.182,224.0.0.251,UDP,5353,5353
10.24.77.182,224.0.0.251,UDP,5353,5353
10.24.73.31,239.255.255.250,UDP,39832,1900
10.24.77.224,224.0.0.251,UDP,5353,5353
10.24.74.59,224.0.0.22,OTHER,-,-
10.24.82.103,224.0.0.22,OTHER,-,-
10.24.82.103,10.24.95.255,UDP,137,137
10.24.77.220,224.0.0.251,UDP,5353,5353
10.24.77.234,224.0.0.251,UDP,5353,5353
10.24.77.182,224.0.0.251,UDP,5353,5353
10.24.77.163,10.24.95.255,UDP,137,137
10.24.82.103,224.0.0.252,UDP,54993,5355
10.24.77.182,224.0.0.251,UDP,5353,5353
10.24.75.38,224.0.0.251,UDP,5353,5353
10.24.76.250,224.0.0.251,UDP,5353,5353
10.24.95.232,224.0.0.22,OTHER,-,-
10.24.75.71,224.0.0.251,UDP,5353,5353
10.24.77.182,224.0.0.251,UDP,5353,5353
10.24.75.29,224.0.0.251,UDP,5353,5353
10.24.77.182,224.0.0.251,UDP,5353,5353
10.24.77.220,224.0.0.251,UDP,5353,5353
10.24.74.59,224.0.0.251,UDP,5353,5353
10.24.73.158,224.0.0.251,UDP,5353,5353
10.24.88.103,224.0.0.22,OTHER,-,-
10.24.77.159,224.0.0.251,UDP,5353,5353
10.24.77.234,224.0.0.251,UDP,5353,5353
10.24.73.222,239.255.255.250,UDP,59076,1900
10.24.73.222,224.0.0.251,UDP,5353,5353
10.24.76.189,224.0.0.251,UDP,5353,5353
10.24.75.33,224.0.0.251,UDP,5353,5353
10.24.77.71,10.24.95.255,UDP,138,138
10.24.76.122,10.24.95.255,UDP,138,138
10.24.82.103,224.0.0.22,OTHER,-,-
10.24.73.222,224.0.0.251,UDP,5353,5353
10.24.82.103,239.255.255.250,UDP,65342,1900
10.24.76.34,224.0.0.251,UDP,5353,5353
10.24.77.182,224.0.0.251,UDP,5353,5353
10.24.82.103,224.0.0.252,UDP,54993,5355
10.24.82.103,239.255.255.250,UDP,65342,1900
10.24.77.125,239.255.255.250,UDP,58925,1900
10.24.77.20,239.255.255.250,UDP,62948,1900
10.24.77.90,224.0.0.251,UDP,5353,5353
10.24.77.216,224.0.0.251,UDP,5353,5353
10.24.69.77,224.0.0.251,UDP,5353,5353
10.24.77.2,224.0.0.251,UDP,5353,5353
10.24.76.16,224.0.0.251,UDP,5353,5353
10.24.82.166,224.0.0.251,UDP,5353,5353
10.24.76.73,224.0.0.251,UDP,5353,5353
10.24.82.166,239.255.255.250,UDP,52341,1900
10.24.76.34,224.0.0.251,UDP,5353,5353
10.24.75.154,224.0.0.251,UDP,5353,5353
10.24.77.173,224.0.0.251,UDP,5353,5353
10.24.74.133,224.0.0.251,UDP,5353,5353
10.24.77.205,224.0.0.251,UDP,5353,5353
10.24.73.222,224.0.0.251,UDP,5353,5353
10.24.77.224,224.0.0.251,UDP,5353,5353
10.24.76.62,224.0.0.251,UDP,5353,5353
10.24.74.195,224.0.0.251,UDP,5353,5353
10.24.75.237,224.0.0.251,UDP,5353,5353
0.0.0.0,255.255.255.255,UDP,68,67
10.24.76.192,224.0.0.251,UDP,5353,5353
10.24.82.103,10.24.95.255,UDP,137,137
10.24.82.103,10.24.95.255,UDP,137,137
10.24.75.38,224.0.0.251,UDP,5353,5353
10.24.77.234,224.0.0.251,UDP,5353,5353
10.24.85.34,224.0.0.251,UDP,5353,5353
10.24.75.71,224.0.0.251,UDP,5353,5353
10.24.75.155,224.0.0.251,UDP,5353,5353
10.24.77.163,10.24.95.255,UDP,137,137
10.24.77.138,224.0.0.251,UDP,5353,5353
10.24.77.163,224.0.0.252,UDP,61701,5355
10.24.77.163,224.0.0.252,UDP,56540,5355
10.24.76.146,224.0.0.251,UDP,5353,5353
10.24.76.31,224.0.0.251,UDP,5353,5353
10.24.76.122,224.0.0.251,UDP,5353,5353
10.24.77.150,224.0.0.251,UDP,5353,5353
10.24.77.238,224.0.0.251,UDP,5353,5353
10.24.74.9,224.0.0.251,UDP,5353,5353
10.24.75.183,224.0.0.251,UDP,5353,5353
10.24.76.147,224.0.0.22,OTHER,-,-
10.24.76.147,224.0.0.251,UDP,5353,5353
10.24.76.147,224.0.0.251,UDP,5353,5353
10.24.76.174,224.0.0.251,UDP,5353,5353
10.24.75.147,224.0.0.251,UDP,5353,5353
10.24.80.64,239.255.255.250,UDP,52817,1900
10.24.83.192,224.0.0.251,UDP,5353,5353
10.24.83.192,224.0.0.251,UDP,5353,5353
10.24.74.86,224.0.0.22,OTHER,-,-
10.24.74.86,224.0.0.22,OTHER,-,-
10.24.76.193,224.0.0.251,UDP,5353,5353
10.24.80.64,224.0.0.22,OTHER,-,-
10.24.75.237,224.0.0.251,UDP,5353,5353
10.24.77.234,224.0.0.251,UDP,5353,5353
10.24.75.154,224.0.0.251,UDP,5353,5353
10.24.77.173,224.0.0.251,UDP,5353,5353
10.24.74.9,224.0.0.251,UDP,5353,5353
10.24.85.34,224.0.0.251,UDP,5353,5353
10.24.77.224,224.0.0.251,UDP,5353,5353
10.24.75.71,224.0.0.251,UDP,5353,5353
10.24.76.174,224.0.0.251,UDP,5353,5353
10.24.73.222,224.0.0.251,UDP,5353,5353
10.24.75.29,224.0.0.251,UDP,5353,5353
10.24.77.182,224.0.0.251,UDP,5353,5353
10.24.80.64,224.0.0.22,OTHER,-,-
10.24.80.64,224.0.0.22,OTHER,-,-
10.24.80.64,224.0.0.22,OTHER,-,-
10.24.77.159,224.0.0.251,UDP,5353,5353
10.24.77.163,224.0.0.252,UDP,61701,5355
10.24.77.163,224.0.0.252,UDP,56540,5355
10.24.74.59,224.0.0.251,UDP,5353,5353
10.24.75.38,224.0.0.22,OTHER,-,-
10.24.75.200,224.0.0.251,UDP,5353,5353
10.24.75.200,239.255.255.250,UDP,38138,1900
10.24.75.200,224.0.0.251,UDP,5353,5353
10.24.82.103,239.255.255.250,UDP,65342,1900
10.24.76.34,224.0.0.251,UDP,5353,5353
10.24.76.34,224.0.0.251,UDP,5353,5353
10.24.76.164,224.0.0.251,UDP,5353,5353
10.24.77.170,224.0.0.22,OTHER,-,-
10.24.73.220,239.255.255.250,UDP,54579,1900
10.24.71.188,224.0.0.251,UDP,5353,5353
10.24.77.163,224.0.0.252,UDP,65200,5355
10.24.77.163,10.24.95.255,UDP,137,137
10.24.77.238,224.0.0.251,UDP,5353,5353
10.24.77.2,224.0.0.251,UDP,5353,5353
10.24.74.142,239.255.255.250,UDP,61539,1900
10.24.76.122,224.0.0.251,UDP,5353,5353
10.24.74.142,239.255.255.250,UDP,61539,1900
10.24.77.20,239.255.255.250,UDP,62948,1900
10.24.80.64,224.0.0.252,UDP,50856,5355
10.24.74.142,239.255.255.250,UDP,61539,1900
10.24.82.243,224.0.0.251,UDP,5353,5353
10.24.82.243,224.0.0.251,UDP,5353,5353
10.24.76.147,224.0.0.251,UDP,5353,5353
10.24.77.163,10.24.95.255,UDP,137,137
10.24.77.220,224.0.0.22,OTHER,-,-
10.24.76.147,224.0.0.251,UDP,5353,5353
10.24.64.29,224.0.0.251,UDP,5353,5353
10.24.80.64,224.0.0.22,OTHER,-,-
10.24.76.31,224.0.0.251,UDP,5353,5353
10.24.77.72,224.0.0.251,UDP,5353,5353
10.24.77.2,224.0.0.251,UDP,5353,5353
10.24.75.71,224.0.0.251,UDP,5353,5353
10.24.77.238,224.0.0.251,UDP,5353,5353
10.24.74.133,224.0.0.251,UDP,5353,5353
10.24.76.122,224.0.0.251,UDP,5353,5353
10.24.72.100,224.0.0.251,UDP,5353,5353
10.24.77.173,224.0.0.251,UDP,5353,5353
10.24.75.48,224.0.0.251,UDP,5353,5353
10.24.76.250,224.0.0.251,UDP,5353,5353
10.24.75.237,224.0.0.251,UDP,5353,5353
10.24.80.64,224.0.0.252,UDP,50856,5355
10.24.77.205,224.0.0.251,UDP,5353,5353
10.24.77.182,224.0.0.251,UDP,5353,5353
10.24.74.195,224.0.0.251,UDP,5353,5353
10.24.77.163,224.0.0.252,UDP,65200,5355
10.24.73.31,224.0.0.251,UDP,5353,5353
10.24.76.146,224.0.0.251,UDP,5353,5353
10.24.76.34,224.0.0.251,UDP,5353,5353
10.24.76.174,224.0.0.251,UDP,5353,5353
10.24.75.154,224.0.0.251,UDP,5353,5353
10.24.73.31,239.255.255.250,UDP,39832,1900
10.24.82.238,224.0.0.251,UDP,5353,5353
10.24.77.176,224.0.0.251,UDP,5353,5353
10.24.83.192,224.0.0.251,UDP,5353,5353
10.24.75.200,224.0.0.251,UDP,5353,5353
10.24.76.34,224.0.0.251,UDP,5353,5353
10.24.75.38,224.0.0.251,UDP,5353,5353
10.24.82.243,224.0.0.251,UDP,5353,5353
10.24.80.64,224.0.0.22,OTHER,-,-
10.24.77.163,10.24.95.255,UDP,137,137
10.24.80.64,224.0.0.22,OTHER,-,-
10.24.73.222,224.0.0.251,UDP,5353,5353
10.24.77.202,224.0.0.251,UDP,5353,5353
10.24.77.163,10.24.95.255,UDP,137,137
10.24.80.64,224.0.0.22,OTHER,-,-
10.24.73.220,239.255.255.250,UDP,54579,1900
10.24.82.243,224.0.0.251,UDP,5353,5353
10.24.82.243,224.0.0.251,UDP,5353,5353
10.24.82.243,224.0.0.251,UDP,5353,5353
10.24.75.38,224.0.0.251,UDP,5353,5353
10.24.80.64,224.0.0.252,UDP,63113,5355
10.24.80.171,224.0.0.251,UDP,5353,5353
10.24.76.28,224.0.0.251,UDP,5353,5353
10.24.75.255,224.0.0.22,OTHER,-,-
10.24.82.166,224.0.0.251,UDP,5353,5353
10.24.82.166,239.255.255.250,UDP,52341,1900
10.24.76.34,224.0.0.251,UDP,5353,5353
10.24.75.255,224.0.0.251,UDP,5353,5353
10.24.75.255,224.0.0.22,OTHER,-,-
10.24.75.255,224.0.0.251,UDP,5353,5353
10.24.75.255,224.0.0.251,UDP,5353,5353
10.24.88.103,224.0.0.22,OTHER,-,-
10.24.77.163,10.24.95.255,UDP,137,137
10.24.75.136,224.0.0.22,OTHER,-,-
10.24.75.130,224.0.0.251,OTHER,-,-
10.24.75.130,224.0.0.251,UDP,5353,5353
10.24.74.86,224.0.0.22,OTHER,-,-
10.24.74.86,224.0.0.22,OTHER,-,-
10.24.66.13,224.0.0.251,UDP,5353,5353
10.24.82.243,224.0.0.251,UDP,5353,5353
10.24.77.163,10.24.95.255,UDP,137,137
10.24.77.163,224.0.0.252,UDP,55370,5355
10.24.77.163,224.0.0.252,UDP,57290,5355
10.24.76.122,10.24.95.255,UDP,138,138
10.24.76.164,224.0.0.251,UDP,5353,5353
10.24.76.164,224.0.0.251,UDP,5353,5353
10.24.75.200,239.255.255.250,UDP,38138,1900
10.24.77.202,224.0.0.251,UDP,5353,5353
10.24.76.97,239.255.255.250,UDP,37134,1900
10.24.73.220,239.255.255.250,UDP,54579,1900
10.24.75.255,224.0.0.22,OTHER,-,-
10.24.82.103,239.255.255.250,UDP,65342,1900
10.24.82.103,239.255.255.250,UDP,65342,1900
10.24.75.130,224.0.0.251,UDP,5353,5353
10.24.77.20,239.255.255.250,UDP,62948,1900
10.24.77.163,224.0.0.252,UDP,55370,5355
10.24.77.163,224.0.0.252,UDP,57290,5355
10.24.77.43,224.0.0.251,UDP,5353,5353
10.24.82.103,239.255.255.250,UDP,65342,1900
10.24.77.160,224.0.0.251,UDP,5353,5353
10.24.77.163,10.24.95.255,UDP,137,137
10.24.77.163,224.0.0.252,UDP,60534,5355
10.24.71.188,224.0.0.251,UDP,5353,5353
10.24.77.72,224.0.0.251,UDP,5353,5353
10.24.77.160,224.0.0.251,UDP,5353,5353
10.24.77.43,224.0.0.251,UDP,5353,5353
10.24.73.31,224.0.0.251,UDP,5353,5353
10.24.76.34,224.0.0.251,UDP,5353,5353
10.24.75.255,224.0.0.251,UDP,5353,5353
10.24.76.250,224.0.0.251,UDP,5353,5353
10.24.77.163,10.24.95.255,UDP,137,137
10.24.73.31,239.255.255.250,UDP,39832,1900
10.24.77.90,224.0.0.251,UDP,5353,5353
10.24.73.51,224.0.0.251,UDP,5353,5353
10.24.76.16,224.0.0.251,UDP,5353,5353
10.24.82.238,224.0.0.251,UDP,5353,5353
10.24.77.150,224.0.0.251,UDP,5353,5353
10.24.76.164,224.0.0.251,UDP,5353,5353
10.24.80.64,239.255.255.250,UDP,57047,1900
10.24.75.200,224.0.0.251,UDP,5353,5353
10.24.76.34,224.0.0.251,UDP,5353,5353
10.24.82.21,224.0.0.251,UDP,5353,5353
10.24.82.21,224.0.0.251,UDP,5353,5353
10.24.82.21,224.0.0.22,OTHER,-,-
10.24.74.195,224.0.0.251,UDP,5353,5353
10.24.77.163,224.0.0.252,UDP,60534,5355
10.24.76.234,224.0.0.22,OTHER,-,-
10.24.74.9,224.0.0.251,UDP,5353,5353
10.24.85.21,239.255.255.250,UDP,47276,1900
10.24.76.192,224.0.0.251,UDP,5353,5353
10.24.75.154,224.0.0.251,UDP,5353,5353
10.24.77.202,224.0.0.251,UDP,5353,5353
10.24.82.103,239.255.255.250,UDP,65342,1900
10.24.77.160,224.0.0.251,UDP,5353,5353
10.24.83.202,239.255.255.250,UDP,38173,1900
10.24.73.220,239.255.255.250,UDP,54579,1900
10.24.73.222,239.255.255.250,UDP,59076,1900
10.24.77.163,10.24.95.255,UDP,137,137
10.24.73.222,224.0.0.251,UDP,5353,5353
10.24.76.34,224.0.0.251,UDP,5353,5353
10.24.74.142,239.255.255.250,UDP,61539,1900
10.24.76.234,224.0.0.22,OTHER,-,-
10.24.76.147,224.0.0.251,UDP,5353,5353
10.24.77.163,10.24.95.255,UDP,137,137
10.24.82.166,224.0.0.251,UDP,5353,5353
10.24.82.166,239.255.255.250,UDP,52341,1900
10.24.76.34,224.0.0.251,UDP,5353,5353
10.24.83.202,239.255.255.250,UDP,38173,1900
10.24.77.160,224.0.0.251,UDP,5353,5353
10.24.77.207,239.255.255.250,UDP,45409,1900
10.24.76.147,224.0.0.22,OTHER,-,-
10.24.75.255,224.0.0.251,UDP,5353,5353
10.24.77.72,224.0.0.251,UDP,5353,5353
10.24.82.21,224.0.0.22,OTHER,-,-
10.24.74.86,224.0.0.22,OTHER,-,-
10.24.83.202,239.255.255.250,UDP,38173,1900
10.24.77.188,224.0.0.251,UDP,5353,5353
10.24.80.64,239.255.255.250,UDP,57047,1900
10.24.67.41,224.0.0.251,UDP,5353,5353
10.24.82.21,224.0.0.251,UDP,5353,5353
10.24.74.86,224.0.0.22,OTHER,-,-
10.24.74.86,224.0.0.22,OTHER,-,-
10.24.82.243,224.0.0.251,UDP,5353,5353
10.24.85.21,239.255.255.250,UDP,47276,1900
10.24.77.163,10.24.95.255,UDP,137,137
10.24.77.18,224.0.0.251,UDP,5353,5353
10.24.77.72,224.0.0.251,UDP,5353,5353
10.24.77.163,10.24.95.255,UDP,137,137
10.24.77.163,224.0.0.252,UDP,55287,5355
10.24.77.163,224.0.0.252,UDP,50211,5355
10.24.80.64,239.255.255.250,UDP,57047,1900
10.24.80.64,239.255.255.250,UDP,57047,1900
10.24.82.243,224.0.0.251,UDP,5353,5353
10.24.82.243,224.0.0.251,UDP,5353,5353
10.24.82.243,224.0.0.251,UDP,5353,5353
10.24.77.191,224.0.0.251,UDP,5353,5353
10.24.77.191,224.0.0.251,UDP,5353,5353
10.24.77.191,224.0.0.251,UDP,5353,5353
10.24.77.72,224.0.0.251,UDP,5353,5353
10.24.82.48,224.0.0.251,UDP,5353,5353
10.24.80.64,224.0.0.251,UDP,5353,5353
10.24.80.64,224.0.0.251,UDP,5353,5353
10.24.80.27,224.0.0.251,UDP,5353,5353
10.24.77.225,224.0.0.251,UDP,5353,5353
10.24.76.34,224.0.0.251,UDP,5353,5353
10.24.77.163,224.0.0.252,UDP,55287,5355
10.24.77.163,224.0.0.252,UDP,50211,5355
10.24.73.31,224.0.0.251,UDP,5353,5353
10.24.76.34,224.0.0.251,UDP,5353,5353
10.24.77.72,224.0.0.251,UDP,5353,5353
10.24.77.238,224.0.0.251,UDP,5353,5353
10.24.73.31,239.255.255.250,UDP,39832,1900
10.24.77.72,224.0.0.251,UDP,5353,5353
10.24.65.76,224.0.0.22,OTHER,-,-
10.24.65.76,224.0.0.251,UDP,5353,5353
10.24.74.195,224.0.0.251,UDP,5353,5353
10.24.82.21,224.0.0.251,UDP,5353,5353
10.24.65.76,224.0.0.251,UDP,5353,5353
10.24.83.202,224.0.0.251,UDP,5353,5353
10.24.77.163,10.24.95.255,UDP,137,137
10.24.85.21,239.255.255.250,UDP,47276,1900
10.24.77.225,239.255.255.250,UDP,49897,1900
10.24.82.120,224.0.0.22,OTHER,-,-
10.24.76.174,224.0.0.251,UDP,5353,5353
10.24.75.155,224.0.0.251,UDP,5353,5353
10.24.66.19,224.0.0.22,OTHER,-,-
10.24.75.154,224.0.0.251,UDP,5353,5353
10.24.66.19,224.0.0.251,UDP,5353,5353
10.24.66.19,224.0.0.251,UDP,5353,5353
10.24.77.138,224.0.0.251,UDP,5353,5353
10.24.76.250,224.0.0.251,UDP,5353,5353
10.24.73.119,224.0.0.251,UDP,5353,5353
10.24.74.133,224.0.0.251,UDP,5353,5353
10.24.76.62,224.0.0.251,UDP,5353,5353
10.24.68.192,224.0.0.2,OTHER,-,-
10.24.68.192,224.0.0.251,OTHER,-,-
0.0.0.0,255.255.255.255,UDP,68,67
10.24.77.224,224.0.0.251,UDP,5353,5353
10.24.68.192,224.0.0.251,UDP,5353,5353
10.24.76.192,224.0.0.251,UDP,5353,5353
10.24.74.59,239.255.255.250,UDP,57617,1900
10.24.77.90,224.0.0.251,UDP,5353,5353
10.24.68.192,224.0.0.251,UDP,5353,5353
10.24.77.234,224.0.0.251,UDP,5353,5353
10.24.76.250,224.0.0.251,UDP,5353,5353
10.24.76.146,224.0.0.251,UDP,5353,5353
10.24.85.34,224.0.0.251,UDP,5353,5353
10.24.75.154,224.0.0.251,UDP,5353,5353
10.24.77.2,224.0.0.251,UDP,5353,5353
10.24.73.222,239.255.255.250,UDP,59076,1900
10.24.77.191,224.0.0.251,UDP,5353,5353
10.24.76.122,224.0.0.251,UDP,5353,5353
10.24.77.191,224.0.0.251,UDP,5353,5353
10.24.77.191,224.0.0.251,UDP,5353,5353
10.24.74.9,224.0.0.251,UDP,5353,5353
10.24.76.164,224.0.0.251,UDP,5353,5353
10.24.77.159,224.0.0.251,UDP,5353,5353
10.24.76.31,224.0.0.251,UDP,5353,5353
10.24.73.231,239.255.255.250,UDP,59356,1900
10.24.82.103,239.255.255.250,UDP,65342,1900
10.24.82.166,239.255.255.250,UDP,52341,1900
10.24.82.166,224.0.0.251,UDP,5353,5353
10.24.76.16,224.0.0.251,UDP,5353,5353
10.24.77.238,224.0.0.251,UDP,5353,5353
10.24.76.34,224.0.0.251,UDP,5353,5353
10.24.82.166,224.0.0.251,UDP,5353,5353
10.24.65.76,224.0.0.251,UDP,5353,5353
10.24.77.72,224.0.0.251,UDP,5353,5353
10.24.91.14,224.0.0.22,OTHER,-,-
10.24.77.216,224.0.0.251,UDP,5353,5353
10.24.91.14,224.0.0.251,UDP,5353,5353
10.24.77.48,224.0.0.251,UDP,5353,5353
10.24.75.96,224.0.0.251,UDP,5353,5353
10.24.77.163,10.24.95.255,UDP,137,137
10.24.77.216,224.0.0.251,UDP,5353,5353
10.24.77.90,224.0.0.251,UDP,5353,5353
10.24.76.122,224.0.0.251,UDP,5353,5353
10.24.75.45,224.0.0.251,UDP,5353,5353
10.24.77.238,224.0.0.251,UDP,5353,5353
10.24.74.195,224.0.0.251,UDP,5353,5353
10.24.77.173,224.0.0.251,UDP,5353,5353
10.24.80.158,224.0.0.251,UDP,5353,5353
10.24.80.158,224.0.0.251,UDP,5353,5353
10.24.76.62,224.0.0.251,UDP,5353,5353
10.24.73.237,239.255.255.250,UDP,57696,1900
10.24.77.32,224.0.0.251,UDP,5353,5353
10.24.76.31,224.0.0.251,UDP,5353,5353
10.24.85.21,239.255.255.250,UDP,47276,1900
10.24.77.234,224.0.0.251,UDP,5353,5353
10.24.77.173,224.0.0.251,UDP,5353,5353
10.24.76.174,224.0.0.251,UDP,5353,5353
10.24.76.16,224.0.0.251,UDP,5353,5353
10.24.92.63,224.0.0.22,OTHER,-,-
10.24.74.195,224.0.0.251,UDP,5353,5353
10.24.75.71,224.0.0.251,UDP,5353,5353
10.24.77.90,224.0.0.251,UDP,5353,5353
10.24.78.221,239.255.255.250,UDP,57818,1900
10.24.77.238,224.0.0.251,UDP,5353,5353
10.24.82.185,224.0.0.251,UDP,5353,5353
10.24.95.232,224.0.0.251,UDP,5353,5353
10.24.95.232,224.0.0.251,UDP,5353,5353
10.24.77.43,224.0.0.251,UDP,5353,5353
10.24.77.205,224.0.0.251,UDP,5353,5353
10.24.82.103,239.255.255.250,UDP,65342,1900
10.24.91.14,224.0.0.251,UDP,5353,5353
10.24.73.222,224.0.0.251,UDP,5353,5353
10.24.76.174,224.0.0.251,UDP,5353,5353
10.24.76.250,224.0.0.251,UDP,5353,5353
10.24.80.158,224.0.0.251,UDP,5353,5353
10.24.77.2,224.0.0.251,UDP,5353,5353
10.24.81.60,224.0.0.251,UDP,5353,5353
10.24.75.71,224.0.0.251,UDP,5353,5353
10.24.71.148,224.0.0.251,UDP,5353,5353
10.24.71.148,224.0.0.251,UDP,5353,5353
10.24.81.60,224.0.0.251,UDP,5353,5353
10.24.75.155,224.0.0.251,UDP,5353,5353
10.24.77.86,224.0.0.251,UDP,5353,5353
10.24.77.138,224.0.0.251,UDP,5353,5353
0.0.0.0,255.255.255.255,UDP,68,67
10.24.85.34,224.0.0.251,UDP,5353,5353
10.24.91.14,224.0.0.251,UDP,5353,5353
10.24.82.238,224.0.0.251,UDP,5353,5353
10.24.71.188,224.0.0.251,UDP,5353,5353
10.24.74.94,224.0.0.252,UDP,53185,5355
10.24.74.195,224.0.0.251,UDP,5353,5353
10.24.77.205,224.0.0.251,UDP,5353,5353
10.24.76.158,224.0.0.22,OTHER,-,-
10.24.76.158,224.0.0.251,UDP,5353,5353
10.24.74.94,224.0.0.22,OTHER,-,-
10.24.75.96,224.0.0.251,UDP,5353,5353
10.24.74.9,224.0.0.251,UDP,5353,5353
10.24.80.158,224.0.0.251,UDP,5353,5353
10.24.76.62,224.0.0.251,UDP,5353,5353
10.24.71.188,224.0.0.251,UDP,5353,5353
10.24.77.164,224.0.0.251,UDP,5353,5353
10.24.72.44,224.0.0.251,UDP,5353,5353
10.24.72.44,224.0.0.251,UDP,5353,5353
10.24.77.164,224.0.0.251,UDP,5353,5353
10.24.73.173,224.0.0.251,UDP,5353,5353
10.24.77.173,224.0.0.251,UDP,5353,5353
10.24.68.178,224.0.0.251,UDP,5353,5353
10.24.73.231,239.255.255.250,UDP,59356,1900
10.24.76.158,224.0.0.251,UDP,5353,5353
10.24.73.231,239.255.255.250,UDP,59357,1900
10.24.76.174,224.0.0.251,UDP,5353,5353
10.24.77.86,224.0.0.251,UDP,5353,5353
10.24.77.2,224.0.0.251,UDP,5353,5353
10.24.76.146,224.0.0.251,UDP,5353,5353
0.0.0.0,255.255.255.255,UDP,68,67
10.24.77.150,224.0.0.251,UDP,5353,5353
10.24.76.250,224.0.0.251,UDP,5353,5353
10.24.75.96,224.0.0.251,UDP,5353,5353
10.24.91.14,224.0.0.251,UDP,5353,5353
10.24.73.31,224.0.0.251,UDP,5353,5353
10.24.81.60,224.0.0.251,UDP,5353,5353
10.24.76.34,224.0.0.251,UDP,5353,5353
10.24.92.63,224.0.0.22,OTHER,-,-
10.24.74.9,224.0.0.251,UDP,5353,5353
10.24.85.34,224.0.0.251,UDP,5353,5353
10.24.75.96,224.0.0.251,UDP,5353,5353
10.24.72.187,224.0.0.251,OTHER,-,-
10.24.72.187,224.0.0.251,UDP,5353,5353
10.24.74.133,224.0.0.251,UDP,5353,5353
10.24.82.238,224.0.0.251,UDP,5353,5353
10.24.82.185,224.0.0.251,UDP,5353,5353
10.24.77.43,224.0.0.251,UDP,5353,5353
10.24.71.148,224.0.0.251,UDP,5353,5353
10.24.91.14,224.0.0.251,UDP,5353,5353
10.24.73.31,239.255.255.250,UDP,39832,1900
10.24.65.77,224.0.0.251,UDP,5353,5353
10.24.75.155,224.0.0.251,UDP,5353,5353
10.24.74.94,224.0.0.22,OTHER,-,-
10.24.77.216,224.0.0.251,UDP,5353,5353
10.24.73.237,239.255.255.250,UDP,57696,1900
10.24.75.237,224.0.0.251,UDP,5353,5353
10.24.76.250,224.0.0.251,UDP,5353,5353
10.24.76.16,224.0.0.251,UDP,5353,5353
10.24.76.164,224.0.0.251,UDP,5353,5353
10.24.81.60,224.0.0.251,UDP,5353,5353
10.24.76.122,224.0.0.251,UDP,5353,5353
10.24.80.64,239.255.255.250,UDP,57047,1900
10.24.76.172,91.189.91.157,UDP,55684,123
10.24.74.94,224.0.0.22,OTHER,-,-
10.24.77.90,224.0.0.251,UDP,5353,5353
10.24.77.224,224.0.0.251,UDP,5353,5353
10.24.77.164,224.0.0.251,UDP,5353,5353
10.24.73.222,224.0.0.251,UDP,5353,5353
10.24.77.43,224.0.0.251,UDP,5353,5353
10.24.91.14,224.0.0.251,UDP,5353,5353
10.24.76.62,224.0.0.251,UDP,5353,5353
10.24.72.187,224.0.0.251,UDP,5353,5353
10.24.77.86,224.0.0.251,UDP,5353,5353
10.24.67.36,224.0.0.251,OTHER,-,-
10.24.67.36,224.0.0.251,UDP,5353,5353
10.24.81.60,224.0.0.251,UDP,5353,5353
91.189.91.157,10.24.76.172,UDP,123,55684
10.24.77.238,224.0.0.251,UDP,5353,5353
10.24.77.173,224.0.0.251,UDP,5353,5353
10.24.76.158,224.0.0.251,UDP,5353,5353
10.24.71.188,224.0.0.251,UDP,5353,5353
10.24.72.187,224.0.0.251,UDP,5353,5353
10.24.77.164,224.0.0.251,UDP,5353,5353
10.24.72.44,224.0.0.251,UDP,5353,5353
10.24.76.158,224.0.0.251,UDP,5353,5353
10.24.74.94,224.0.0.252,UDP,59742,5355
10.24.67.36,224.0.0.251,UDP,5353,5353
10.24.73.222,239.255.255.250,UDP,59076,1900
10.24.76.174,224.0.0.251,UDP,5353,5353
10.24.65.76,224.0.0.22,OTHER,-,-
10.24.80.64,239.255.255.250,UDP,57047,1900
10.24.80.64,239.255.255.250,UDP,57047,1900
10.24.73.222,224.0.0.251,UDP,5353,5353
10.24.82.185,224.0.0.251,UDP,5353,5353
10.24.76.34,224.0.0.251,UDP,5353,5353
10.24.71.148,224.0.0.251,UDP,5353,5353
10.24.75.96,224.0.0.251,UDP,5353,5353
10.24.76.164,224.0.0.251,UDP,5353,5353
10.24.76.164,224.0.0.251,UDP,5353,5353
10.24.77.238,224.0.0.251,UDP,5353,5353
10.24.71.188,224.0.0.251,UDP,5353,5353
10.24.72.187,224.0.0.251,UDP,5353,5353
10.24.71.148,224.0.0.251,UDP,5353,5353
10.24.74.195,224.0.0.251,UDP,5353,5353
10.24.76.73,224.0.0.251,UDP,5353,5353
10.24.80.158,224.0.0.251,UDP,5353,5353
10.24.81.60,224.0.0.251,UDP,5353,5353
10.24.77.138,224.0.0.251,UDP,5353,5353
10.24.71.188,224.0.0.251,UDP,5353,5353
10.24.76.158,224.0.0.22,OTHER,-,-
10.24.82.166,224.0.0.251,UDP,5353,5353
10.24.77.164,224.0.0.251,UDP,5353,5353
10.24.82.166,239.255.255.250,UDP,52341,1900
10.24.76.34,224.0.0.251,UDP,5353,5353
10.24.73.231,239.255.255.250,UDP,59356,1900
10.24.75.96,224.0.0.251,UDP,5353,5353
10.24.73.231,239.255.255.250,UDP,59357,1900
10.24.67.36,224.0.0.251,UDP,5353,5353
10.24.72.187,224.0.0.251,UDP,5353,5353
0.0.0.0,255.255.255.255,UDP,68,67
10.24.82.103,224.0.0.251,UDP,5353,5353
10.24.82.103,224.0.0.251,UDP,5353,5353
10.24.76.164,224.0.0.251,UDP,5353,5353
10.24.77.249,239.255.255.250,UDP,1900,1900
10.24.77.249,239.255.255.250,UDP,1900,1900
10.24.74.235,224.0.0.251,UDP,5353,5353
10.24.82.103,239.255.255.250,UDP,64167,1900
10.24.76.234,239.255.255.250,UDP,57759,1900
10.24.76.234,239.255.255.250,UDP,51173,1900
10.24.75.17,239.255.255.250,UDP,49554,1900
10.24.72.215,224.0.0.251,OTHER,-,-
10.24.77.26,224.0.0.251,UDP,5353,5353
10.24.77.72,224.0.0.251,UDP,5353,5353
10.24.75.71,224.0.0.251,UDP,5353,5353
10.24.67.36,224.0.0.251,UDP,5353,5353
10.24.76.234,239.255.255.250,UDP,45801,1900
10.24.73.237,239.255.255.250,UDP,57696,1900
10.24.77.216,224.0.0.251,UDP,5353,5353
10.24.67.36,224.0.0.251,UDP,5353,5353
10.24.80.64,224.0.0.251,UDP,5353,5353
10.24.76.164,224.0.0.251,UDP,5353,5353
10.24.77.26,224.0.0.251,UDP,5353,5353
10.24.76.234,239.255.255.250,UDP,40724,1900
10.24.77.72,224.0.0.251,UDP,5353,5353
10.24.74.184,239.255.255.250,UDP,60664,1900
10.24.67.36,224.0.0.251,UDP,5353,5353
172.64.148.235,10.24.76.172,TCP,443,47332
10.24.76.172,172.64.148.235,TCP,47332,443
10.24.77.90,224.0.0.251,UDP,5353,5353
10.24.72.215,224.0.0.251,UDP,5353,5353
10.24.82.103,10.24.95.255,UDP,137,137
10.24.77.26,224.0.0.251,UDP,5353,5353
10.24.80.152,224.0.0.251,UDP,5353,5353
10.24.67.36,224.0.0.251,UDP,5353,5353
10.24.77.72,224.0.0.251,UDP,5353,5353
10.24.80.158,224.0.0.251,UDP,5353,5353
10.24.75.96,224.0.0.251,UDP,5353,5353
10.24.76.164,224.0.0.251,UDP,5353,5353
10.24.73.222,224.0.0.251,UDP,5353,5353
10.24.77.191,224.0.0.251,UDP,5353,5353
10.24.77.191,224.0.0.251,UDP,5353,5353
10.24.76.164,224.0.0.251,UDP,5353,5353
10.24.77.241,239.255.255.250,UDP,64190,3702
10.24.77.26,224.0.0.251,UDP,5353,5353
10.24.82.103,224.0.0.252,UDP,63118,5355
10.24.82.103,224.0.0.251,UDP,5353,5353
10.24.76.164,224.0.0.251,UDP,5353,5353
10.24.77.93,224.0.0.251,UDP,5353,5353
10.24.74.9,224.0.0.251,UDP,5353,5353
10.24.77.241,239.255.255.250,UDP,64190,3702
10.24.77.72,224.0.0.251,UDP,5353,5353
10.24.73.231,239.255.255.250,UDP,59356,1900
10.24.73.231,239.255.255.250,UDP,59357,1900
10.24.77.216,224.0.0.251,UDP,5353,5353
10.24.77.234,224.0.0.251,UDP,5353,5353
10.24.82.238,224.0.0.251,UDP,5353,5353
10.24.77.90,224.0.0.251,UDP,5353,5353
10.24.82.103,239.255.255.250,UDP,64167,1900
10.24.67.36,224.0.0.251,UDP,5353,5353
10.24.77.150,224.0.0.251,UDP,5353,5353
10.24.77.26,224.0.0.251,UDP,5353,5353
10.24.77.241,239.255.255.250,UDP,64190,3702
10.24.82.103,10.24.95.255,UDP,137,137
10.24.77.72,224.0.0.251,UDP,5353,5353
10.24.76.122,10.24.95.255,UDP,138,138
10.24.73.237,239.255.255.250,UDP,57696,1900
10.24.80.64,224.0.0.251,UDP,5353,5353
10.24.80.64,224.0.0.251,UDP,5353,5353
10.24.71.188,224.0.0.251,UDP,5353,5353
10.24.77.205,224.0.0.251,UDP,5353,5353
10.24.72.215,224.0.0.251,UDP,5353,5353
10.24.72.10,10.24.95.255,UDP,57621,57621
10.24.82.243,224.0.0.251,UDP,5353,5353
10.24.77.86,224.0.0.22,OTHER,-,-
10.24.74.184,239.255.255.250,UDP,60664,1900
10.24.76.174,224.0.0.251,UDP,5353,5353
10.24.75.154,224.0.0.251,UDP,5353,5353
10.24.83.1,224.0.0.251,UDP,5353,5353
10.24.83.1,224.0.0.251,UDP,5353,5353
10.24.66.19,224.0.0.22,OTHER,-,-
10.24.82.48,224.0.0.251,UDP,5353,5353
10.24.82.48,224.0.0.251,UDP,5353,5353
10.24.73.173,224.0.0.251,UDP,5353,5353
10.24.82.166,224.0.0.251,UDP,5353,5353
10.24.78.221,239.255.255.250,UDP,57818,1900
10.24.83.104,224.0.0.251,UDP,5353,5353
10.24.82.103,239.255.255.250,UDP,65342,1900
10.24.77.241,239.255.255.250,UDP,64190,3702
10.24.75.41,224.0.0.251,UDP,53912,5353
10.24.73.222,239.255.255.250,UDP,59076,1900
10.24.80.158,224.0.0.251,UDP,5353,5353
10.24.75.185,224.0.0.251,UDP,5353,5353
10.24.76.234,224.0.0.251,UDP,5353,5353
10.24.76.234,224.0.0.251,UDP,5353,5353
10.24.73.222,224.0.0.251,UDP,5353,5353
10.24.76.34,224.0.0.251,UDP,5353,5353
10.24.77.26,224.0.0.251,UDP,5353,5353
10.24.67.7,224.0.0.22,OTHER,-,-
10.24.76.164,224.0.0.251,UDP,5353,5353
10.24.67.7,224.0.0.251,UDP,5353,5353
10.24.75.154,224.0.0.251,UDP,5353,5353
10.24.76.28,224.0.0.251,UDP,5353,5353
10.24.66.12,224.0.0.251,UDP,5353,5353
10.24.77.90,224.0.0.251,UDP,5353,5353
10.24.88.103,224.0.0.251,UDP,5353,5353
10.24.82.166,224.0.0.251,UDP,5353,5353
10.24.82.166,239.255.255.250,UDP,52341,1900
10.24.76.34,224.0.0.251,UDP,5353,5353
0.0.0.0,255.255.255.255,UDP,68,67
10.24.82.103,10.24.95.255,UDP,137,137
10.24.73.231,239.255.255.250,UDP,59357,1900
10.24.67.7,224.0.0.22,OTHER,-,-
10.24.77.216,224.0.0.251,UDP,5353,5353
10.24.67.7,224.0.0.251,UDP,5353,5353
10.24.76.31,224.0.0.251,UDP,5353,5353
10.24.66.12,224.0.0.251,UDP,5353,5353
10.24.82.103,239.255.255.250,UDP,64167,1900
10.24.75.155,224.0.0.251,UDP,5353,5353
10.24.82.48,224.0.0.251,UDP,5353,5353
10.24.72.29,224.0.0.251,UDP,5353,5353
10.24.76.192,224.0.0.251,UDP,5353,5353
10.24.77.234,224.0.0.251,UDP,5353,5353
10.24.73.229,224.0.0.22,OTHER,-,-
10.24.77.216,224.0.0.251,UDP,5353,5353
10.24.77.72,224.0.0.251,UDP,5353,5353
10.24.75.154,224.0.0.251,UDP,5353,5353
10.24.82.243,224.0.0.251,UDP,5353,5353
10.24.80.158,224.0.0.251,UDP,5353,5353
10.24.88.103,224.0.0.251,UDP,5353,5353
10.24.80.64,239.255.255.250,UDP,57047,1900
10.24.74.86,224.0.0.22,OTHER,-,-
10.24.67.7,224.0.0.251,UDP,5353,5353
10.24.74.86,224.0.0.22,OTHER,-,-
10.24.66.12,224.0.0.251,UDP,5353,5353
10.24.71.188,224.0.0.251,UDP,5353,5353
10.24.73.229,224.0.0.252,UDP,60869,5355
10.24.74.195,224.0.0.251,UDP,5353,5353
10.24.66.12,224.0.0.251,UDP,5353,5353
10.24.67.7,224.0.0.251,UDP,5353,5353
10.24.85.34,224.0.0.251,UDP,5353,5353
10.24.95.232,224.0.0.251,UDP,5353,5353
10.24.95.232,224.0.0.251,UDP,5353,5353
10.24.76.234,224.0.0.22,OTHER,-,-
10.24.83.104,224.0.0.251,UDP,5353,5353
10.24.77.2,224.0.0.251,UDP,5353,5353
10.24.77.138,224.0.0.251,UDP,5353,5353
10.24.76.158,224.0.0.251,UDP,5353,5353
10.24.73.229,224.0.0.252,UDP,60869,5355
10.24.66.12,224.0.0.251,UDP,5353,5353
10.24.76.250,224.0.0.251,UDP,5353,5353
10.24.68.178,224.0.0.251,UDP,5353,5353
10.24.76.31,224.0.0.251,UDP,5353,5353
10.24.73.229,224.0.0.22,OTHER,-,-
10.24.72.194,224.0.0.22,OTHER,-,-
10.24.72.194,224.0.0.251,UDP,5353,5353
10.24.72.194,224.0.0.251,UDP,5353,5353
10.24.76.234,224.0.0.251,UDP,5353,5353
10.24.77.173,224.0.0.251,UDP,5353,5353
10.24.74.133,224.0.0.251,UDP,5353,5353
10.24.74.30,224.0.0.22,OTHER,-,-
10.24.76.146,224.0.0.251,UDP,5353,5353
10.24.77.150,224.0.0.251,UDP,5353,5353
10.24.75.71,224.0.0.251,UDP,5353,5353
10.24.77.43,224.0.0.251,UDP,5353,5353
10.24.82.238,224.0.0.251,UDP,5353,5353
10.24.77.238,224.0.0.251,UDP,5353,5353
10.24.75.237,224.0.0.251,UDP,5353,5353
10.24.74.9,224.0.0.251,UDP,5353,5353
10.24.71.148,224.0.0.251,UDP,5353,5353
10.24.77.72,224.0.0.251,UDP,5353,5353
10.24.77.2,224.0.0.251,UDP,5353,5353
10.24.73.222,224.0.0.251,UDP,5353,5353
10.24.77.205,224.0.0.251,UDP,5353,5353
10.24.77.224,224.0.0.251,UDP,5353,5353
10.24.76.172,151.101.65.91,TCP,53424,443
10.24.76.172,151.101.65.91,TCP,53424,443
10.24.66.12,224.0.0.251,UDP,5353,5353
10.24.66.12,224.0.0.251,UDP,5353,5353
10.24.74.23,224.0.0.251,UDP,5353,5353
10.24.76.146,224.0.0.251,UDP,5353,5353
10.24.71.188,224.0.0.251,UDP,5353,5353
10.24.76.174,224.0.0.251,UDP,5353,5353
10.24.77.234,224.0.0.251,UDP,5353,5353
10.24.82.103,224.0.0.252,UDP,51599,5355
10.24.82.103,224.0.0.251,UDP,5353,5353
10.24.75.154,224.0.0.251,UDP,5353,5353
10.24.76.62,224.0.0.251,UDP,5353,5353
10.24.66.12,224.0.0.251,UDP,5353,5353
10.24.82.103,239.255.255.250,UDP,64167,1900
10.24.72.138,224.0.0.251,UDP,5353,5353
10.24.73.229,224.0.0.22,OTHER,-,-
10.24.77.26,224.0.0.251,UDP,5353,5353
10.24.77.159,224.0.0.251,UDP,5353,5353
10.24.66.12,224.0.0.251,UDP,5353,5353
10.24.73.229,224.0.0.22,OTHER,-,-
10.24.73.229,224.0.0.22,OTHER,-,-
10.24.76.122,224.0.0.251,UDP,5353,5353
10.24.80.158,224.0.0.251,UDP,5353,5353
10.24.77.249,239.255.255.250,UDP,1900,1900
10.24.77.249,224.0.0.22,OTHER,-,-
10.24.67.36,224.0.0.251,UDP,5353,5353
10.24.75.154,224.0.0.251,UDP,5353,5353
10.24.95.232,224.0.0.251,UDP,5353,5353
10.24.83.1,224.0.0.251,UDP,5353,5353
10.24.82.166,224.0.0.251,UDP,5353,5353
10.24.76.190,224.0.0.22,OTHER,-,-
10.24.76.190,224.0.0.22,OTHER,-,-
10.24.71.188,224.0.0.251,UDP,5353,5353
10.24.67.7,224.0.0.251,UDP,5353,5353
10.24.75.213,224.0.0.22,OTHER,-,-
10.24.77.2,224.0.0.251,UDP,5353,5353
10.24.73.229,224.0.0.252,UDP,59433,5355
10.24.73.229,224.0.0.22,OTHER,-,-
10.24.73.222,239.255.255.250,UDP,59076,1900
10.24.76.34,224.0.0.251,UDP,5353,5353
10.24.72.194,224.0.0.251,UDP,5353,5353
10.24.73.222,224.0.0.251,UDP,5353,5353
10.24.73.173,224.0.0.251,UDP,5353,5353
10.24.74.30,224.0.0.22,OTHER,-,-
10.24.72.70,224.0.0.251,UDP,5353,5353
10.24.77.100,224.0.0.22,OTHER,-,-
10.24.77.100,224.0.0.22,OTHER,-,-
10.24.76.164,224.0.0.251,UDP,5353,5353
10.24.82.103,224.0.0.251,UDP,5353,5353
10.24.71.188,224.0.0.251,UDP,5353,5353
10.24.82.166,224.0.0.251,UDP,5353,5353
10.24.76.34,224.0.0.251,UDP,5353,5353
10.24.82.166,239.255.255.250,UDP,52341,1900
10.24.77.100,224.0.0.22,OTHER,-,-
10.24.75.213,224.0.0.22,OTHER,-,-
10.24.66.12,224.0.0.251,UDP,5353,5353
10.24.76.190,224.0.0.251,UDP,5353,5353
10.24.74.74,224.0.0.251,UDP,5353,5353
10.24.76.190,224.0.0.22,OTHER,-,-
10.24.77.249,224.0.0.22,OTHER,-,-
0.0.0.0,255.255.255.255,UDP,68,67
10.24.75.38,224.0.0.251,UDP,5353,5353
10.24.76.235,224.0.0.251,UDP,5353,5353
10.24.74.86,224.0.0.22,OTHER,-,-
10.24.74.86,224.0.0.22,OTHER,-,-
10.24.74.238,224.0.0.22,OTHER,-,-
10.24.77.100,224.0.0.251,UDP,5353,5353
10.24.75.41,224.0.0.251,UDP,5353,5353
10.24.74.238,224.0.0.251,UDP,5353,5353
10.24.77.234,224.0.0.251,UDP,5353,5353
10.24.77.90,224.0.0.251,UDP,5353,5353
10.24.65.77,224.0.0.251,UDP,5353,5353
10.24.76.235,224.0.0.251,UDP,5353,5353
10.24.76.164,224.0.0.251,UDP,5353,5353
10.24.74.9,224.0.0.251,UDP,5353,5353
10.24.75.155,224.0.0.251,UDP,5353,5353
10.24.82.238,224.0.0.251,UDP,5353,5353
10.24.85.34,224.0.0.251,UDP,5353,5353
10.24.74.238,224.0.0.251,UDP,5353,5353
10.24.74.133,224.0.0.251,UDP,5353,5353
10.24.78.221,239.255.255.250,UDP,57818,1900
10.24.75.38,224.0.0.251,UDP,5353,5353
10.24.77.150,224.0.0.251,UDP,5353,5353
10.24.73.6,224.0.0.251,UDP,5353,5353
10.24.76.201,224.0.0.251,UDP,5353,5353
10.24.83.104,224.0.0.251,UDP,5353,5353
10.24.64.227,224.0.0.251,UDP,5353,5353
10.24.82.103,239.255.255.250,UDP,65342,1900
10.24.77.138,224.0.0.251,UDP,5353,5353
10.24.77.100,224.0.0.251,UDP,5353,5353
10.24.76.62,224.0.0.251,UDP,5353,5353
10.24.76.146,224.0.0.251,UDP,5353,5353
10.24.74.30,224.0.0.22,OTHER,-,-
10.24.74.30,224.0.0.22,OTHER,-,-
10.24.72.194,224.0.0.251,UDP,5353,5353
10.24.74.133,224.0.0.251,UDP,5353,5353
10.24.75.154,224.0.0.251,UDP,5353,5353
10.24.76.31,224.0.0.251,UDP,5353,5353
10.24.77.173,224.0.0.251,UDP,5353,5353
10.24.77.43,224.0.0.251,UDP,5353,5353
10.24.76.190,224.0.0.251,UDP,5353,5353
10.24.75.155,224.0.0.251,UDP,5353,5353
10.24.75.38,224.0.0.251,UDP,5353,5353
10.24.77.205,224.0.0.251,UDP,5353,5353
10.24.76.192,224.0.0.251,UDP,5353,5353
10.24.85.34,224.0.0.251,UDP,5353,5353
10.24.77.150,224.0.0.251,UDP,5353,5353
10.24.74.195,224.0.0.251,UDP,5353,5353
10.24.77.90,224.0.0.251,UDP,5353,5353
10.24.75.237,224.0.0.251,UDP,5353,5353
10.24.77.238,224.0.0.251,UDP,5353,5353
10.24.76.147,224.0.0.251,UDP,5353,5353
10.24.66.12,224.0.0.251,UDP,5353,5353
10.24.76.33,224.0.0.22,OTHER,-,-
10.24.75.71,224.0.0.251,UDP,5353,5353
10.24.76.33,224.0.0.22,OTHER,-,-
10.24.76.33,224.0.0.251,UDP,5353,5353
10.24.76.33,224.0.0.251,UDP,5353,5353
10.24.76.33,224.0.0.251,UDP,5353,5353
10.24.76.33,224.0.0.251,UDP,5353,5353
10.24.76.33,224.0.0.22,OTHER,-,-
10.24.73.222,224.0.0.251,UDP,5353,5353
10.24.73.6,224.0.0.251,UDP,5353,5353
10.24.74.9,224.0.0.251,UDP,5353,5353
10.24.76.16,224.0.0.251,UDP,5353,5353
10.24.76.235,224.0.0.251,UDP,5353,5353
10.24.76.250,224.0.0.251,UDP,5353,5353
10.24.76.118,224.0.0.251,UDP,5353,5353
10.24.75.38,224.0.0.251,UDP,5353,5353
10.24.73.6,224.0.0.251,UDP,5353,5353
10.24.77.100,224.0.0.251,UDP,5353,5353
10.24.82.48,224.0.0.251,UDP,5353,5353
10.24.76.235,224.0.0.251,UDP,5353,5353
10.24.76.30,224.0.0.251,UDP,5353,5353
10.24.76.30,224.0.0.251,UDP,5353,5353
10.24.76.30,224.0.0.251,UDP,5353,5353
10.24.76.30,224.0.0.22,OTHER,-,-
10.24.73.229,224.0.0.22,OTHER,-,-
10.24.73.229,224.0.0.252,UDP,60577,5355
10.24.77.43,224.0.0.251,UDP,5353,5353
10.24.76.190,224.0.0.251,UDP,5353,5353
10.24.76.78,224.0.0.251,UDP,5353,5353
10.24.76.33,224.0.0.22,OTHER,-,-
10.24.74.238,224.0.0.251,UDP,5353,5353
10.24.76.122,224.0.0.251,UDP,5353,5353
10.24.74.86,224.0.0.22,OTHER,-,-
10.24.75.38,224.0.0.251,UDP,5353,5353
10.24.75.38,224.0.0.251,UDP,5353,5353
10.24.67.36,224.0.0.251,UDP,5353,5353
10.24.77.224,224.0.0.251,UDP,5353,5353
10.24.77.100,224.0.0.251,UDP,5353,5353
10.24.77.234,224.0.0.251,UDP,5353,5353
10.24.76.164,224.0.0.251,UDP,5353,5353
10.24.74.251,224.0.0.251,UDP,5353,5353
10.24.77.2,224.0.0.251,UDP,5353,5353
0.0.0.0,255.255.255.255,UDP,68,67
10.24.77.249,224.0.0.251,UDP,5353,5353
10.24.82.48,224.0.0.251,UDP,5353,5353
10.24.82.166,224.0.0.251,UDP,5353,5353
10.24.73.229,224.0.0.252,UDP,60577,5355
10.24.77.100,224.0.0.251,UDP,5353,5353
10.24.73.50,224.0.0.251,UDP,5353,5353
10.24.76.34,224.0.0.251,UDP,5353,5353
10.24.83.202,239.255.255.250,UDP,47336,1900
10.24.73.229,224.0.0.22,OTHER,-,-
10.24.75.38,224.0.0.251,UDP,5353,5353
10.24.76.174,224.0.0.251,UDP,5353,5353
10.24.77.2,224.0.0.251,UDP,5353,5353
10.24.77.128,239.255.255.250,UDP,50638,1900
10.24.74.251,224.0.0.251,UDP,5353,5353
10.24.76.164,224.0.0.251,UDP,5353,5353
10.24.77.26,224.0.0.251,UDP,5353,5353
10.24.77.163,224.0.0.251,UDP,5353,5353
10.24.77.159,224.0.0.251,UDP,5353,5353
10.24.82.166,224.0.0.251,UDP,5353,5353
10.24.82.166,239.255.255.250,UDP,52341,1900
10.24.76.34,224.0.0.251,UDP,5353,5353
10.24.76.30,224.0.0.22,OTHER,-,-
10.24.83.202,239.255.255.250,UDP,47336,1900
10.24.76.31,224.0.0.251,UDP,5353,5353
10.24.76.33,224.0.0.251,UDP,5353,5353
10.24.82.102,224.0.0.251,UDP,5353,5353
10.24.75.180,224.0.0.251,OTHER,-,-
10.24.75.180,224.0.0.251,UDP,5353,5353
10.24.75.238,224.0.0.2,OTHER,-,-
10.24.75.238,224.0.0.251,UDP,5353,5353
10.24.82.21,224.0.0.22,OTHER,-,-
10.24.71.188,224.0.0.251,UDP,5353,5353
10.24.71.188,224.0.0.251,UDP,5353,5353
10.24.66.12,224.0.0.251,UDP,5353,5353
0.0.0.0,255.255.255.255,UDP,68,67
10.24.76.62,224.0.0.251,UDP,5353,5353
10.24.85.34,224.0.0.251,UDP,5353,5353
10.24.76.30,224.0.0.251,UDP,5353,5353
10.24.75.238,224.0.0.251,UDP,5353,5353
10.24.76.31,224.0.0.251,UDP,5353,5353
10.24.66.12,224.0.0.251,UDP,5353,5353
10.24.73.222,224.0.0.251,UDP,5353,5353
10.24.82.21,224.0.0.22,OTHER,-,-
10.24.76.192,224.0.0.251,UDP,5353,5353
10.24.76.174,224.0.0.251,UDP,5353,5353
10.24.77.205,224.0.0.251,UDP,5353,5353
10.24.75.154,224.0.0.251,UDP,5353,5353
10.24.73.229,239.255.255.250,UDP,59440,1900
10.24.83.202,239.255.255.250,UDP,47336,1900
10.24.75.155,224.0.0.251,UDP,5353,5353
10.24.76.250,224.0.0.251,UDP,5353,5353
10.24.77.216,224.0.0.251,UDP,5353,5353
10.24.75.71,224.0.0.251,UDP,5353,5353
10.24.77.159,224.0.0.251,UDP,5353,5353
10.24.77.43,224.0.0.251,UDP,5353,5353
10.24.77.18,224.0.0.22,OTHER,-,-
10.24.82.102,224.0.0.251,UDP,5353,5353
10.24.77.173,224.0.0.251,UDP,5353,5353
10.24.73.229,239.255.255.250,UDP,59440,1900
10.24.77.163,224.0.0.251,UDP,5353,5353
10.24.77.163,10.24.95.255,UDP,137,137
10.24.77.159,255.255.255.255,UDP,54918,1947
10.24.77.224,224.0.0.251,UDP,5353,5353
10.24.77.238,224.0.0.251,UDP,5353,5353
10.24.82.238,224.0.0.251,UDP,5353,5353
10.24.75.180,224.0.0.251,UDP,5353,5353
10.24.74.86,224.0.0.22,OTHER,-,-
10.24.74.86,224.0.0.22,OTHER,-,-
10.24.85.34,224.0.0.251,UDP,5353,5353
10.24.77.2,224.0.0.251,UDP,5353,5353
10.24.76.164,224.0.0.251,UDP,5353,5353
10.24.77.159,224.0.0.251,UDP,5353,5353
10.24.77.90,224.0.0.251,UDP,5353,5353
10.24.72.9,224.0.0.251,UDP,5353,5353
10.24.75.155,224.0.0.251,UDP,5353,5353
10.24.76.187,224.0.0.22,OTHER,-,-
10.24.65.77,224.0.0.251,UDP,5353,5353
10.24.72.9,224.0.0.251,UDP,5353,5353
10.24.76.33,224.0.0.22,OTHER,-,-
10.24.76.31,224.0.0.251,UDP,5353,5353
10.24.88.103,224.0.0.251,UDP,5353,5353
10.24.71.188,224.0.0.251,UDP,5353,5353
10.24.76.146,224.0.0.251,UDP,5353,5353
10.24.82.102,224.0.0.251,UDP,5353,5353
10.24.74.238,224.0.0.251,UDP,5353,5353
10.24.77.163,224.0.0.251,UDP,5353,5353
10.24.77.163,224.0.0.252,UDP,49425,5355
10.24.77.159,255.255.255.255,UDP,54918,1947
10.24.76.192,224.0.0.251,UDP,5353,5353
10.24.77.18,224.0.0.251,UDP,5353,5353
10.24.77.159,255.255.255.255,UDP,54918,1947
10.24.75.71,224.0.0.251,UDP,5353,5353
10.24.77.159,224.0.0.251,UDP,5353,5353
10.24.76.164,224.0.0.251,UDP,5353,5353
10.24.76.62,224.0.0.251,UDP,5353,5353
10.24.75.180,224.0.0.251,UDP,5353,5353
10.24.71.188,224.0.0.251,UDP,5353,5353
10.24.74.133,224.0.0.251,UDP,5353,5353
10.24.77.18,224.0.0.251,UDP,5353,5353
10.24.77.249,239.255.255.250,UDP,1900,1900
10.24.77.249,224.0.0.22,OTHER,-,-
10.24.77.249,224.0.0.22,OTHER,-,-
10.24.77.159,255.255.255.255,UDP,54918,1947
10.24.75.237,224.0.0.251,UDP,5353,5353
10.24.76.30,224.0.0.251,UDP,5353,5353
10.24.77.241,239.255.255.250,UDP,64190,3702
10.24.71.188,224.0.0.251,UDP,5353,5353
10.24.88.63,239.255.255.250,UDP,59204,1900
10.24.76.15,224.0.0.22,OTHER,-,-
10.24.76.15,224.0.0.251,UDP,5353,5353
10.24.75.154,224.0.0.251,UDP,5353,5353
10.24.77.241,239.255.255.250,UDP,64190,3702
10.24.82.238,224.0.0.251,UDP,5353,5353
10.24.77.159,255.255.255.255,UDP,54918,1947
10.24.77.238,224.0.0.251,UDP,5353,5353
10.24.76.164,224.0.0.251,UDP,5353,5353
10.24.76.212,224.0.0.251,UDP,5353,5353
10.24.82.102,224.0.0.251,UDP,5353,5353
10.24.77.7,224.0.0.251,UDP,5353,5353
10.24.72.32,224.0.0.251,UDP,5353,5353
0.0.0.0,255.255.255.255,UDP,68,67
10.24.82.103,224.0.0.22,OTHER,-,-
10.24.75.38,224.0.0.251,UDP,5353,5353
10.24.82.103,224.0.0.252,UDP,64433,5355
10.24.82.103,224.0.0.22,OTHER,-,-
10.24.77.241,239.255.255.250,UDP,64190,3702
10.24.77.159,255.255.255.255,UDP,54918,1947
10.24.88.63,239.255.255.250,UDP,54760,1900
10.24.77.234,224.0.0.251,UDP,5353,5353
10.24.88.63,224.0.0.251,UDP,5353,5353
10.24.76.15,224.0.0.251,UDP,5353,5353
10.24.71.188,224.0.0.251,UDP,5353,5353
10.24.76.172,172.64.155.209,TCP,52182,443
10.24.76.172,172.64.155.209,TCP,52182,443
10.24.76.172,172.64.155.209,TCP,52182,443
10.24.76.172,172.64.155.209,TCP,52182,443
10.24.76.172,172.64.155.209,TCP,52182,443
10.24.77.7,224.0.0.251,UDP,5353,5353
10.24.76.187,224.0.0.22,OTHER,-,-
10.24.82.103,224.0.0.22,OTHER,-,-
10.24.76.187,224.0.0.251,UDP,5353,5353
172.64.155.209,10.24.76.172,TCP,443,52182
172.64.155.209,10.24.76.172,TCP,443,52182
172.64.155.209,10.24.76.172,TCP,443,52182
10.24.77.159,255.255.255.255,UDP,54918,1947
10.24.77.128,239.255.255.250,UDP,50638,1900
10.24.77.216,224.0.0.251,UDP,5353,5353
10.24.77.224,224.0.0.251,UDP,5353,5353
10.24.76.192,224.0.0.251,UDP,5353,5353
10.24.73.222,224.0.0.251,UDP,5353,5353
10.24.76.31,224.0.0.251,UDP,5353,5353
172.64.155.209,10.24.76.172,TCP,443,52182
172.64.155.209,10.24.76.172,TCP,443,52182
10.24.76.172,172.64.155.209,TCP,52182,443
10.24.77.163,10.24.95.255,UDP,137,137
10.24.72.165,224.0.0.251,UDP,5353,5353
10.24.81.214,239.255.255.250,UDP,52448,1900
10.24.75.155,224.0.0.251,UDP,5353,5353
10.24.76.124,224.0.0.22,OTHER,-,-
10.24.77.241,239.255.255.250,UDP,64190,3702
10.24.77.251,224.0.0.251,UDP,5353,5353
10.24.82.103,224.0.0.252,UDP,64433,5355
10.24.82.166,224.0.0.251,UDP,5353,5353
10.24.77.159,255.255.255.255,UDP,54918,1947
10.24.82.166,239.255.255.250,UDP,52341,1900
10.24.76.34,224.0.0.251,UDP,5353,5353
10.24.74.235,224.0.0.251,UDP,5353,5353
10.24.90.3,224.0.0.251,UDP,5353,5353
10.24.82.102,224.0.0.251,UDP,5353,5353
10.24.85.34,224.0.0.251,UDP,5353,5353
10.24.77.2,224.0.0.251,UDP,5353,5353
10.24.85.21,224.0.0.251,UDP,5353,5353
10.24.85.21,224.0.0.251,UDP,5353,5353
10.24.76.15,224.0.0.22,OTHER,-,-
10.24.77.159,255.255.255.255,UDP,54918,1947
10.24.74.195,224.0.0.251,UDP,5353,5353
10.24.82.238,224.0.0.251,UDP,5353,5353
10.24.76.146,224.0.0.251,UDP,5353,5353
10.24.74.235,224.0.0.251,UDP,5353,5353
10.24.76.250,224.0.0.251,UDP,5353,5353
10.24.88.63,224.0.0.251,UDP,5353,5353
10.24.88.63,239.255.255.250,UDP,59204,1900
10.24.77.249,224.0.0.251,UDP,5353,5353
10.24.77.249,224.0.0.22,OTHER,-,-
10.24.81.160,224.0.0.251,UDP,5353,5353
10.24.76.34,224.0.0.251,UDP,5353,5353
10.24.81.160,239.255.255.250,UDP,62064,1900
10.24.77.159,255.255.255.255,UDP,54918,1947
10.24.76.33,224.0.0.22,OTHER,-,-
10.24.74.30,239.255.255.250,UDP,58412,1900
10.24.74.86,224.0.0.22,OTHER,-,-
10.24.74.86,224.0.0.22,OTHER,-,-
10.24.76.33,224.0.0.251,UDP,5353,5353
10.24.76.33,224.0.0.251,UDP,5353,5353
10.24.76.33,224.0.0.22,OTHER,-,-
10.24.77.18,224.0.0.251,UDP,5353,5353
10.24.76.130,224.0.0.251,OTHER,-,-
10.24.76.130,224.0.0.251,UDP,5353,5353
10.24.76.124,224.0.0.22,OTHER,-,-
10.24.74.235,224.0.0.251,UDP,5353,5353
10.24.77.150,224.0.0.251,UDP,5353,5353
10.24.77.248,224.0.0.251,UDP,5353,5353
10.24.75.124,224.0.0.251,UDP,5353,5353
10.24.77.207,224.0.0.251,UDP,5353,5353
10.24.77.249,224.0.0.22,OTHER,-,-
10.24.64.227,224.0.0.22,OTHER,-,-
10.24.76.115,224.0.0.251,UDP,5353,5353
10.24.71.135,239.255.255.250,UDP,59529,1900
10.24.77.159,255.255.255.255,UDP,54918,1947
10.24.65.77,224.0.0.251,UDP,5353,5353
10.24.76.130,224.0.0.251,UDP,5353,5353
10.24.71.20,224.0.0.251,UDP,5353,5353
10.24.76.31,224.0.0.251,UDP,5353,5353
10.24.75.155,224.0.0.251,UDP,5353,5353
10.24.71.135,239.255.255.250,UDP,56086,1900
10.24.76.122,224.0.0.251,UDP,5353,5353
10.24.74.133,224.0.0.251,UDP,5353,5353
10.24.77.163,224.0.0.252,UDP,52863,5355
10.24.77.163,10.24.95.255,UDP,137,137
10.24.77.2,224.0.0.251,UDP,5353,5353
10.24.77.43,224.0.0.251,UDP,5353,5353
10.24.76.164,224.0.0.251,UDP,5353,5353
10.24.77.159,255.255.255.255,UDP,54918,1947
10.24.82.238,224.0.0.251,UDP,5353,5353
10.24.77.234,224.0.0.251,UDP,5353,5353
10.24.76.16,224.0.0.251,UDP,5353,5353
10.24.77.90,224.0.0.251,UDP,5353,5353
10.24.75.71,224.0.0.251,UDP,5353,5353
10.24.77.128,239.255.255.250,UDP,50638,1900
10.24.82.30,224.0.0.22,OTHER,-,-
10.24.77.238,224.0.0.251,UDP,5353,5353
10.24.77.138,224.0.0.251,UDP,5353,5353
10.24.74.195,224.0.0.251,UDP,5353,5353
10.24.75.38,224.0.0.251,UDP,5353,5353
10.24.74.9,224.0.0.251,UDP,5353,5353
10.24.76.62,224.0.0.251,UDP,5353,5353
10.24.77.205,224.0.0.251,UDP,5353,5353
10.24.81.214,239.255.255.250,UDP,52448,1900
10.24.64.227,224.0.0.251,UDP,5353,5353
10.24.77.173,224.0.0.251,UDP,5353,5353
10.24.76.174,224.0.0.251,UDP,5353,5353
10.24.76.31,224.0.0.251,UDP,5353,5353
10.24.77.224,224.0.0.251,UDP,5353,5353
10.24.82.166,10.24.95.255,UDP,57621,57621
10.24.77.216,224.0.0.251,UDP,5353,5353
10.24.76.33,224.0.0.22,OTHER,-,-
10.24.77.163,224.0.0.252,UDP,52863,5355
10.24.82.102,224.0.0.251,UDP,5353,5353
10.24.76.157,224.0.0.251,UDP,5353,5353
10.24.88.63,224.0.0.251,UDP,5353,5353
10.24.88.63,239.255.255.250,UDP,59204,1900
10.24.73.229,239.255.255.250,UDP,59440,1900
10.24.75.134,224.0.0.251,UDP,5353,5353
10.24.73.229,239.255.255.250,UDP,59440,1900
10.24.74.112,224.0.0.22,OTHER,-,-
10.24.74.112,224.0.0.22,OTHER,-,-
10.24.76.34,224.0.0.251,UDP,5353,5353
10.24.77.159,255.255.255.255,UDP,54918,1947
10.24.75.38,224.0.0.251,UDP,5353,5353
10.24.76.78,224.0.0.251,UDP,5353,5353
10.24.76.78,224.0.0.251,UDP,5353,5353
10.24.76.33,224.0.0.251,UDP,5353,5353
10.24.71.135,239.255.255.250,UDP,59529,1900
10.24.77.163,10.24.95.255,UDP,137,137
10.24.82.238,224.0.0.251,UDP,5353,5353
10.24.77.159,255.255.255.255,UDP,54918,1947
10.24.64.227,224.0.0.251,UDP,5353,5353
10.24.71.188,224.0.0.251,UDP,5353,5353
10.24.67.7,224.0.0.251,UDP,5353,5353
10.24.66.247,224.0.0.22,OTHER,-,-
10.24.77.2,224.0.0.251,UDP,5353,5353
10.24.77.159,255.255.255.255,UDP,54918,1947
10.24.66.247,224.0.0.22,OTHER,-,-
10.24.77.37,224.0.0.251,UDP,5353,5353
10.24.77.37,224.0.0.251,UDP,5353,5353
10.24.77.37,224.0.0.251,UDP,5353,5353
10.24.77.37,224.0.0.251,UDP,5353,5353
0.0.0.0,255.255.255.255,UDP,68,67
10.24.77.37,10.24.95.255,UDP,137,137
10.24.77.37,10.24.95.255,UDP,137,137
10.24.64.227,224.0.0.251,UDP,5353,5353
10.24.77.37,10.24.95.255,UDP,137,137
10.24.81.214,239.255.255.250,UDP,52448,1900
10.24.77.159,255.255.255.255,UDP,54918,1947
10.24.88.63,224.0.0.251,UDP,5353,5353
10.24.88.63,239.255.255.250,UDP,54760,1900
10.24.76.34,224.0.0.251,UDP,5353,5353
10.24.82.166,224.0.0.251,UDP,5353,5353
10.24.82.166,239.255.255.250,UDP,52341,1900
10.24.66.247,224.0.0.251,UDP,5353,5353
10.24.82.102,224.0.0.251,UDP,5353,5353
10.24.77.37,224.0.0.251,UDP,5353,5353
10.24.77.249,224.0.0.22,OTHER,-,-
10.24.66.247,224.0.0.251,UDP,5353,5353
10.24.77.159,255.255.255.255,UDP,54918,1947
10.24.76.172,34.120.208.123,TCP,43886,443
34.120.208.123,10.24.76.172,TCP,443,43886
10.24.76.172,34.120.208.123,TCP,43886,443
10.24.76.78,224.0.0.251,UDP,5353,5353
10.24.66.247,224.0.0.251,UDP,5353,5353
10.24.71.135,239.255.255.250,UDP,65207,1900
10.24.71.188,224.0.0.251,UDP,5353,5353
10.24.77.163,10.24.95.255,UDP,137,137
10.24.75.5,224.0.0.251,UDP,5353,5353
10.24.73.222,224.0.0.251,UDP,5353,5353
10.24.77.249,224.0.0.22,OTHER,-,-
10.24.88.63,239.255.255.250,UDP,59204,1900
10.24.86.50,224.0.0.251,UDP,5353,5353
10.24.86.50,224.0.0.251,UDP,5353,5353
10.24.77.37,224.0.0.251,UDP,5353,5353
10.24.74.86,224.0.0.22,OTHER,-,-
10.24.74.86,224.0.0.22,OTHER,-,-
10.24.76.33,224.0.0.251,UDP,5353,5353
10.24.77.37,224.0.0.251,UDP,5353,5353
10.24.76.62,224.0.0.251,UDP,5353,5353
10.24.65.207,224.0.0.251,UDP,5353,5353
10.24.88.63,10.24.95.255,UDP,57621,57621
10.24.77.37,224.0.0.251,UDP,5353,5353
0.0.0.0,255.255.255.255,UDP,68,67
10.24.74.235,224.0.0.251,UDP,5353,5353
10.24.74.235,224.0.0.251,UDP,5353,5353
10.24.78.221,239.255.255.250,UDP,57818,1900
10.24.77.18,224.0.0.251,UDP,5353,5353
10.24.77.138,224.0.0.251,UDP,5353,5353
10.24.77.37,224.0.0.251,UDP,5353,5353
10.24.73.237,224.0.0.251,UDP,5353,5353
10.24.77.241,224.0.0.251,UDP,5353,5353
10.24.77.37,224.0.0.251,UDP,5353,5353
10.24.80.214,224.0.0.251,UDP,5353,5353
10.24.74.235,224.0.0.251,UDP,5353,5353
10.24.75.134,239.255.255.250,UDP,40831,1900
10.24.71.188,224.0.0.251,UDP,5353,5353
10.24.74.235,224.0.0.251,UDP,5353,5353
10.24.77.249,239.255.255.250,UDP,1900,1900
10.24.77.205,224.0.0.251,UDP,5353,5353
10.24.77.163,224.0.0.252,UDP,60166,5355
10.24.77.163,10.24.95.255,UDP,137,137
10.24.77.249,224.0.0.22,OTHER,-,-
10.24.77.37,10.24.95.255,UDP,137,137
10.24.82.102,224.0.0.251,UDP,5353,5353
10.24.66.247,224.0.0.251,UDP,5353,5353
10.24.71.135,239.255.255.250,UDP,65207,1900
10.24.88.63,224.0.0.251,UDP,5353,5353
10.24.74.235,224.0.0.251,UDP,5353,5353
10.24.75.130,224.0.0.251,OTHER,-,-
10.24.67.52,224.0.0.251,UDP,5353,5353
10.24.74.30,239.255.255.250,UDP,58412,1900
10.24.71.148,224.0.0.251,UDP,5353,5353
10.24.77.163,224.0.0.252,UDP,60166,5355
10.24.88.63,224.0.0.251,UDP,5353,5353
10.24.76.34,224.0.0.251,UDP,5353,5353
10.24.77.249,224.0.0.22,OTHER,-,-
10.24.72.44,224.0.0.251,UDP,5353,5353
10.24.88.103,224.0.0.22,OTHER,-,-
10.24.88.103,224.0.0.251,UDP,5353,5353
10.24.76.158,224.0.0.251,UDP,5353,5353
10.24.71.135,239.255.255.250,UDP,56086,1900
10.24.77.241,224.0.0.251,UDP,5353,5353
10.24.77.241,224.0.0.251,UDP,5353,5353
10.24.71.135,239.255.255.250,UDP,56086,1900
10.24.75.33,224.0.0.251,UDP,5353,5353
10.24.76.62,224.0.0.251,UDP,5353,5353
10.24.85.34,224.0.0.251,UDP,5353,5353
10.24.77.238,224.0.0.251,UDP,5353,5353
10.24.74.133,224.0.0.251,UDP,5353,5353
10.24.76.192,224.0.0.251,UDP,5353,5353
10.24.73.237,224.0.0.251,UDP,5353,5353
10.24.77.241,224.0.0.251,UDP,5353,5353
10.24.77.173,224.0.0.251,UDP,5353,5353
10.24.77.37,224.0.0.251,UDP,5353,5353
10.24.76.146,224.0.0.251,UDP,5353,5353
10.24.77.138,224.0.0.251,UDP,5353,5353
10.24.74.195,224.0.0.251,UDP,5353,5353
10.24.72.165,224.0.0.251,UDP,5353,5353
10.24.77.163,10.24.95.255,UDP,137,137
10.24.77.37,10.24.95.255,UDP,137,137
10.24.77.205,224.0.0.251,UDP,5353,5353
10.24.75.71,224.0.0.251,UDP,5353,5353
10.24.82.238,224.0.0.251,UDP,5353,5353
10.24.76.16,224.0.0.251,UDP,5353,5353
10.24.75.154,224.0.0.251,UDP,5353,5353
10.24.77.150,224.0.0.251,UDP,5353,5353
10.24.82.166,224.0.0.251,UDP,5353,5353
10.24.76.122,224.0.0.251,UDP,5353,5353
10.24.76.34,224.0.0.251,UDP,5353,5353
10.24.82.166,239.255.255.250,UDP,52341,1900
10.24.77.72,224.0.0.251,UDP,5353,5353
10.24.88.63,239.255.255.250,UDP,54760,1900
10.24.74.9,224.0.0.251,UDP,5353,5353
10.24.73.222,224.0.0.251,UDP,5353,5353
10.24.75.237,224.0.0.251,UDP,5353,5353
10.24.77.234,224.0.0.251,UDP,5353,5353
10.24.77.90,224.0.0.251,UDP,5353,5353
10.24.77.159,224.0.0.251,UDP,5353,5353
10.24.76.250,224.0.0.251,UDP,5353,5353
10.24.77.224,224.0.0.251,UDP,5353,5353
10.24.75.155,224.0.0.251,UDP,5353,5353
10.24.77.72,224.0.0.251,UDP,5353,5353
10.24.74.86,224.0.0.22,OTHER,-,-
10.24.66.247,224.0.0.251,UDP,5353,5353
10.24.82.103,239.255.255.250,UDP,56268,1900
10.24.71.135,239.255.255.250,UDP,65207,1900
10.24.67.36,224.0.0.251,UDP,5353,5353
10.24.75.147,224.0.0.251,UDP,5353,5353
10.24.67.52,224.0.0.251,UDP,5353,5353
10.24.82.50,224.0.0.251,UDP,5353,5353
10.24.82.50,224.0.0.251,UDP,5353,5353
10.24.74.86,224.0.0.22,OTHER,-,-
10.24.74.86,224.0.0.22,OTHER,-,-
10.24.76.201,239.255.255.250,UDP,46983,1900
10.24.77.72,224.0.0.251,UDP,5353,5353
10.24.75.72,224.0.0.251,UDP,5353,5353
10.24.75.29,224.0.0.251,UDP,5353,5353
0.0.0.0,255.255.255.255,UDP,68,67
10.24.74.235,224.0.0.251,UDP,5353,5353
10.24.88.103,224.0.0.251,UDP,5353,5353
10.24.74.9,224.0.0.251,UDP,5353,5353
10.24.77.138,224.0.0.251,UDP,5353,5353
10.24.74.59,224.0.0.251,UDP,5353,5353
10.24.81.81,224.0.0.251,UDP,5353,5353
10.24.81.81,224.0.0.251,UDP,5353,5353
10.24.81.81,224.0.0.251,UDP,5353,5353
10.24.81.81,224.0.0.251,UDP,5353,5353
10.24.76.16,224.0.0.251,UDP,5353,5353
10.24.74.195,224.0.0.251,UDP,5353,5353
10.24.76.122,224.0.0.251,UDP,5353,5353
10.24.77.163,10.24.95.255,UDP,137,137
10.24.77.224,224.0.0.251,UDP,5353,5353
10.24.77.90,224.0.0.251,UDP,5353,5353
10.24.77.100,224.0.0.251,UDP,5353,5353
10.24.77.238,224.0.0.251,UDP,5353,5353
10.24.77.234,224.0.0.251,UDP,5353,5353
10.24.77.43,224.0.0.251,UDP,5353,5353
10.24.73.124,224.0.0.251,UDP,5353,5353
10.24.75.155,224.0.0.251,UDP,5353,5353
10.24.67.36,224.0.0.251,UDP,5353,5353
10.24.77.37,10.24.95.255,UDP,137,137
10.24.77.249,224.0.0.22,OTHER,-,-
10.24.77.214,224.0.0.251,UDP,5353,5353
10.24.77.37,224.0.0.251,UDP,5353,5353
10.24.67.36,224.0.0.251,UDP,5353,5353
10.24.74.9,224.0.0.251,UDP,5353,5353
10.24.77.138,224.0.0.251,UDP,5353,5353
10.24.76.78,224.0.0.251,UDP,5353,5353
10.24.75.155,224.0.0.251,UDP,5353,5353
10.24.77.173,224.0.0.251,UDP,5353,5353
10.24.76.78,224.0.0.251,UDP,5353,5353
10.24.82.238,224.0.0.251,UDP,5353,5353
10.24.75.5,224.0.0.251,UDP,5353,5353
10.24.77.216,224.0.0.251,UDP,5353,5353
10.24.74.133,224.0.0.251,UDP,5353,5353
10.24.77.249,224.0.0.22,OTHER,-,-
10.24.76.250,224.0.0.251,UDP,5353,5353
10.24.76.146,224.0.0.251,UDP,5353,5353
10.24.77.2,224.0.0.251,UDP,5353,5353
10.24.76.78,224.0.0.251,UDP,5353,5353
10.24.76.78,224.0.0.251,UDP,5353,5353
10.24.86.50,224.0.0.251,UDP,5353,5353
10.24.71.135,224.0.0.251,UDP,5353,5353
10.24.77.90,224.0.0.251,UDP,5353,5353
10.24.71.135,224.0.0.251,UDP,5353,5353
10.24.77.150,224.0.0.251,UDP,5353,5353
10.24.76.192,224.0.0.251,UDP,5353,5353
10.24.77.154,224.0.0.251,UDP,5353,5353
10.24.76.31,224.0.0.251,UDP,5353,5353
10.24.76.16,224.0.0.251,UDP,5353,5353
10.24.90.6,224.0.0.251,UDP,5353,5353
10.24.82.102,224.0.0.251,UDP,5353,5353
10.24.77.90,224.0.0.251,UDP,5353,5353
10.24.77.43,224.0.0.251,UDP,5353,5353
10.24.77.234,224.0.0.251,UDP,5353,5353
10.24.75.155,224.0.0.251,UDP,5353,5353
10.24.71.188,224.0.0.251,UDP,5353,5353
10.24.75.154,224.0.0.251,UDP,5353,5353
10.24.73.222,224.0.0.251,UDP,5353,5353
10.24.75.237,224.0.0.251,UDP,5353,5353
10.24.77.37,224.0.0.251,UDP,5353,5353
10.24.77.224,224.0.0.251,UDP,5353,5353
10.24.77.37,224.0.0.251,UDP,5353,5353
10.24.77.154,224.0.0.251,UDP,5353,5353
0.0.0.0,255.255.255.255,UDP,68,67
10.24.77.163,10.24.95.255,UDP,137,137
10.24.85.34,224.0.0.251,UDP,5353,5353
10.24.84.242,224.0.0.251,UDP,5353,5353
10.24.82.102,224.0.0.251,UDP,5353,5353
10.24.75.135,255.255.255.255,UDP,52010,1716
10.24.75.135,255.255.255.255,OTHER,-,-
10.24.78.221,239.255.255.250,UDP,57818,1900
10.24.75.71,224.0.0.251,UDP,5353,5353
10.24.76.62,224.0.0.251,UDP,5353,5353
10.24.77.2,224.0.0.251,UDP,5353,5353
10.24.71.188,224.0.0.251,UDP,5353,5353
10.24.77.241,224.0.0.251,UDP,5353,5353
10.24.74.86,224.0.0.22,OTHER,-,-
10.24.75.10,239.255.255.250,UDP,57531,1900
10.24.72.163,239.255.255.250,UDP,52382,1900
10.24.73.124,224.0.0.251,UDP,5353,5353
10.24.77.214,224.0.0.251,UDP,5353,5353
10.24.77.150,224.0.0.251,UDP,5353,5353
10.24.76.31,224.0.0.251,UDP,5353,5353
10.24.73.222,239.255.255.250,UDP,52830,1900
10.24.77.159,224.0.0.251,UDP,5353,5353
10.24.73.124,224.0.0.251,UDP,5353,5353
10.24.73.124,224.0.0.251,UDP,5353,5353
10.24.65.213,224.0.0.251,UDP,5353,5353
10.24.82.102,224.0.0.251,UDP,5353,5353
10.24.77.72,224.0.0.251,UDP,5353,5353
10.24.68.144,224.0.0.251,UDP,5353,5353
10.24.76.49,224.0.0.22,OTHER,-,-
10.24.76.226,224.0.0.251,UDP,5353,5353
10.24.76.49,224.0.0.251,UDP,5353,5353
10.24.77.154,224.0.0.251,UDP,5353,5353
10.24.74.235,224.0.0.251,UDP,5353,5353
10.24.74.235,224.0.0.251,UDP,5353,5353
10.24.82.103,239.255.255.250,UDP,56268,1900
10.24.77.163,10.24.95.255,UDP,137,137
10.24.82.102,224.0.0.251,UDP,5353,5353
10.24.90.6,224.0.0.251,UDP,5353,5353
10.24.65.77,224.0.0.22,OTHER,-,-
10.24.67.52,224.0.0.251,UDP,5353,5353
10.24.66.13,224.0.0.251,UDP,5353,5353
10.24.74.86,224.0.0.22,OTHER,-,-
10.24.74.86,224.0.0.22,OTHER,-,-
10.24.74.30,239.255.255.250,UDP,58412,1900
10.24.77.18,224.0.0.251,UDP,5353,5353
10.24.77.238,224.0.0.251,UDP,5353,5353
10.24.76.78,224.0.0.251,UDP,5353,5353
10.24.76.226,239.255.255.250,UDP,34809,1900
10.24.76.226,224.0.0.251,UDP,5353,5353
10.24.76.34,224.0.0.251,UDP,5353,5353
10.24.77.72,224.0.0.251,UDP,5353,5353
10.24.84.242,224.0.0.251,UDP,5353,5353
10.24.75.135,224.0.0.251,UDP,5353,5353
10.24.75.5,224.0.0.251,UDP,5353,5353
10.24.86.50,224.0.0.251,UDP,5353,5353
10.24.68.144,224.0.0.251,UDP,5353,5353
10.24.86.50,224.0.0.251,UDP,5353,5353
10.24.77.241,224.0.0.251,UDP,5353,5353
10.24.77.241,224.0.0.251,UDP,5353,5353
10.24.74.222,224.0.0.251,UDP,5353,5353
10.24.75.135,224.0.0.251,UDP,5353,5353
10.24.76.164,224.0.0.251,UDP,5353,5353
10.24.67.36,224.0.0.251,UDP,5353,5353
10.24.76.226,224.0.0.251,UDP,5353,5353
10.24.76.226,224.0.0.251,UDP,5353,5353
10.24.76.226,224.0.0.251,UDP,5353,5353
10.24.72.163,239.255.255.250,UDP,52382,1900
10.24.75.71,224.0.0.251,UDP,5353,5353
10.24.76.226,224.0.0.251,UDP,5353,5353
10.24.77.72,224.0.0.251,UDP,5353,5353
10.24.74.235,224.0.0.251,UDP,5353,5353
10.24.75.154,224.0.0.251,UDP,5353,5353
10.24.77.224,224.0.0.251,UDP,5353,5353
10.24.73.222,239.255.255.250,UDP,52830,1900
10.24.77.163,10.24.95.255,UDP,137,137
10.24.65.213,224.0.0.251,UDP,5353,5353
10.24.76.49,224.0.0.22,OTHER,-,-
10.24.74.222,224.0.0.251,UDP,5353,5353
10.24.76.226,224.0.0.251,UDP,5353,5353
10.24.95.232,224.0.0.251,UDP,5353,5353
10.24.95.232,224.0.0.251,UDP,5353,5353
10.24.66.12,224.0.0.251,UDP,5353,5353
10.24.76.226,224.0.0.251,UDP,5353,5353
10.24.76.49,224.0.0.251,UDP,5353,5353
10.24.73.51,224.0.0.251,UDP,5353,5353
10.24.88.63,224.0.0.251,UDP,5353,5353
10.24.82.103,239.255.255.250,UDP,56268,1900
10.24.72.146,224.0.0.22,OTHER,-,-
10.24.77.72,224.0.0.251,UDP,5353,5353
10.24.65.77,224.0.0.22,OTHER,-,-
10.24.77.234,224.0.0.251,UDP,5353,5353
10.24.76.226,239.255.255.250,UDP,34809,1900
10.24.77.216,224.0.0.251,UDP,5353,5353
10.24.76.226,224.0.0.251,UDP,5353,5353
0.0.0.0,255.255.255.255,UDP,68,67
10.24.76.226,224.0.0.251,UDP,5353,5353
10.24.76.34,224.0.0.251,UDP,5353,5353
10.24.75.80,224.0.0.22,OTHER,-,-
10.24.80.49,239.255.255.250,UDP,58058,1900
10.24.88.63,224.0.0.251,UDP,5353,5353
10.24.76.34,224.0.0.251,UDP,5353,5353
10.24.77.202,224.0.0.251,UDP,5353,5353
10.24.77.72,224.0.0.251,UDP,5353,5353
10.24.84.242,224.0.0.251,UDP,5353,5353
10.24.75.135,224.0.0.251,UDP,5353,5353
10.24.76.226,224.0.0.251,UDP,5353,5353
10.24.75.5,224.0.0.251,UDP,5353,5353
10.24.86.50,224.0.0.251,UDP,5353,5353
10.24.76.78,224.0.0.251,UDP,5353,5353
10.24.76.78,224.0.0.251,UDP,5353,5353
10.24.86.50,224.0.0.251,UDP,5353,5353
10.24.82.102,224.0.0.251,UDP,5353,5353
10.24.72.146,224.0.0.251,UDP,5353,5353
10.24.75.83,224.0.0.251,UDP,5353,5353
10.24.72.146,224.0.0.251,UDP,5353,5353
10.24.72.146,224.0.0.251,UDP,5353,5353
10.24.83.202,239.255.255.250,UDP,40410,1900
10.24.72.146,224.0.0.251,UDP,5353,5353
10.24.72.146,224.0.0.251,UDP,5353,5353
10.24.76.78,224.0.0.251,UDP,5353,5353
10.24.72.146,224.0.0.251,UDP,5353,5353
10.24.72.146,224.0.0.251,UDP,5353,5353
10.24.75.80,224.0.0.22,OTHER,-,-
10.24.74.235,224.0.0.251,UDP,5353,5353
10.24.74.235,224.0.0.251,UDP,5353,5353
10.24.72.163,239.255.255.250,UDP,52382,1900
10.24.76.226,224.0.0.251,UDP,5353,5353
10.24.77.214,224.0.0.251,UDP,5353,5353
10.24.75.48,224.0.0.251,UDP,5353,5353
10.24.77.163,10.24.95.255,UDP,137,137
10.24.77.163,224.0.0.252,UDP,55639,5355
10.24.76.73,224.0.0.251,UDP,5353,5353
10.24.76.78,224.0.0.251,UDP,5353,5353
10.24.82.166,224.0.0.251,UDP,5353,5353
10.24.76.146,224.0.0.251,UDP,5353,5353
10.24.76.34,224.0.0.251,UDP,5353,5353
10.24.74.133,224.0.0.251,UDP,5353,5353
10.24.88.63,239.255.255.250,UDP,54760,1900
10.24.74.235,224.0.0.251,UDP,5353,5353
10.24.77.238,224.0.0.251,UDP,5353,5353
10.24.73.222,239.255.255.250,UDP,52830,1900
10.24.83.202,239.255.255.250,UDP,40410,1900
10.24.76.192,224.0.0.251,UDP,5353,5353
10.24.65.213,224.0.0.251,UDP,5353,5353
10.24.76.226,224.0.0.251,UDP,5353,5353
10.24.72.165,224.0.0.251,UDP,5353,5353
10.24.77.72,224.0.0.251,UDP,5353,5353
10.24.75.255,224.0.0.251,UDP,5353,5353
10.24.82.166,239.255.255.250,UDP,52341,1900
10.24.74.195,224.0.0.251,UDP,5353,5353
10.24.85.34,224.0.0.251,UDP,5353,5353
10.24.71.135,224.0.0.251,UDP,5353,5353
10.24.74.9,224.0.0.251,UDP,5353,5353
10.24.71.135,224.0.0.251,UDP,5353,5353
10.24.77.43,224.0.0.251,UDP,5353,5353
10.24.76.49,224.0.0.251,UDP,5353,5353
10.24.77.205,224.0.0.251,UDP,5353,5353
10.24.77.188,224.0.0.251,UDP,5353,5353
10.24.75.83,224.0.0.251,UDP,5353,5353
10.24.67.41,224.0.0.251,UDP,5353,5353
10.24.83.202,239.255.255.250,UDP,40410,1900
10.24.76.250,224.0.0.251,UDP,5353,5353
10.24.76.164,224.0.0.251,UDP,5353,5353
10.24.77.138,224.0.0.251,UDP,5353,5353
10.24.77.173,224.0.0.251,UDP,5353,5353
10.24.74.235,224.0.0.251,UDP,5353,5353
10.24.74.235,224.0.0.251,UDP,5353,5353
10.24.77.37,224.0.0.251,UDP,5353,5353
10.24.74.86,224.0.0.22,OTHER,-,-
10.24.74.86,224.0.0.22,OTHER,-,-
10.24.74.133,224.0.0.251,UDP,5353,5353
10.24.67.36,224.0.0.251,UDP,5353,5353
10.24.73.173,224.0.0.251,UDP,5353,5353
10.24.77.159,224.0.0.251,UDP,5353,5353
10.24.75.237,224.0.0.251,UDP,5353,5353
10.24.77.90,224.0.0.251,UDP,5353,5353
10.24.72.146,224.0.0.251,UDP,5353,5353
10.24.77.224,224.0.0.251,UDP,5353,5353
10.24.82.102,224.0.0.251,UDP,5353,5353
10.24.77.202,224.0.0.251,UDP,5353,5353
10.24.81.81,224.0.0.251,UDP,5353,5353
10.24.77.37,224.0.0.251,UDP,5353,5353
10.24.77.163,10.24.95.255,UDP,137,137
10.24.77.90,224.0.0.251,UDP,5353,5353
10.24.76.226,224.0.0.251,UDP,5353,5353
10.24.75.154,224.0.0.251,UDP,5353,5353
10.24.76.122,224.0.0.251,UDP,5353,5353
10.24.75.155,224.0.0.251,UDP,5353,5353
10.24.75.71,224.0.0.251,UDP,5353,5353
10.24.77.216,224.0.0.251,UDP,5353,5353
10.24.77.159,224.0.0.251,UDP,5353,5353
10.24.73.124,224.0.0.251,UDP,5353,5353
10.24.73.124,224.0.0.251,UDP,5353,5353
10.24.73.124,224.0.0.251,UDP,5353,5353
10.24.73.124,224.0.0.251,UDP,5353,5353
10.24.73.124,224.0.0.251,UDP,5353,5353
10.24.72.163,239.255.255.250,UDP,52382,1900
10.24.68.178,224.0.0.251,UDP,5353,5353
10.24.76.226,10.24.95.255,UDP,57621,57621
10.24.81.67,224.0.0.251,UDP,5353,5353
10.24.90.6,224.0.0.251,UDP,5353,5353
10.24.73.222,239.255.255.250,UDP,52830,1900
10.24.82.102,224.0.0.251,UDP,5353,5353
10.24.80.27,224.0.0.251,UDP,5353,5353
10.24.73.110,224.0.0.251,UDP,5353,5353
10.24.75.38,224.0.0.251,UDP,5353,5353
0.0.0.0,255.255.255.255,UDP,68,67
10.24.81.67,224.0.0.251,UDP,5353,5353
10.24.77.37,224.0.0.251,UDP,5353,5353
10.24.76.78,224.0.0.251,UDP,5353,5353
10.24.76.78,224.0.0.251,UDP,5353,5353
10.24.73.110,224.0.0.251,UDP,5353,5353
10.24.73.110,224.0.0.251,OTHER,-,-
10.24.95.232,224.0.0.251,UDP,5353,5353
10.24.95.232,224.0.0.251,UDP,5353,5353
10.24.75.38,224.0.0.251,UDP,5353,5353
10.24.90.6,224.0.0.251,UDP,5353,5353
10.24.76.226,239.255.255.250,UDP,34809,1900
10.24.74.86,224.0.0.22,OTHER,-,-
10.24.76.226,224.0.0.251,UDP,5353,5353
10.24.73.110,224.0.0.251,UDP,5353,5353
10.24.76.34,224.0.0.251,UDP,5353,5353
10.24.77.163,10.24.95.255,UDP,137,137
10.24.64.183,224.0.0.251,UDP,5353,5353
10.24.74.235,224.0.0.251,UDP,5353,5353
10.24.83.202,224.0.0.251,UDP,5353,5353
10.24.77.238,224.0.0.251,UDP,5353,5353
10.24.77.26,224.0.0.251,UDP,5353,5353
10.24.73.119,224.0.0.251,UDP,5353,5353
10.24.77.72,224.0.0.251,UDP,5353,5353
10.24.77.202,224.0.0.251,UDP,5353,5353
10.24.75.38,224.0.0.251,UDP,5353,5353
10.24.67.7,224.0.0.251,UDP,5353,5353
10.24.88.63,224.0.0.251,UDP,5353,5353
10.24.76.78,224.0.0.251,UDP,5353,5353
10.24.76.78,224.0.0.251,UDP,5353,5353
10.24.76.34,224.0.0.251,UDP,5353,5353
10.24.71.188,224.0.0.251,UDP,5353,5353
10.24.73.110,224.0.0.251,UDP,5353,5353
10.24.82.102,224.0.0.251,UDP,5353,5353
10.24.67.7,224.0.0.251,UDP,5353,5353
10.24.73.110,224.0.0.251,UDP,5353,5353
10.24.85.34,224.0.0.251,UDP,5353,5353
10.24.75.38,224.0.0.251,UDP,5353,5353
10.24.76.28,224.0.0.251,UDP,5353,5353
10.24.77.205,224.0.0.251,UDP,5353,5353
10.24.82.166,224.0.0.251,UDP,5353,5353
10.24.88.63,239.255.255.250,UDP,54760,1900
10.24.76.34,224.0.0.251,UDP,5353,5353
10.24.76.146,224.0.0.251,UDP,5353,5353
10.24.77.192,224.0.0.251,UDP,5353,5353
10.24.77.192,224.0.0.251,UDP,5353,5353
10.24.77.2,224.0.0.251,UDP,5353,5353
10.24.82.102,224.0.0.251,UDP,5353,5353
10.24.73.110,224.0.0.251,UDP,5353,5353
10.24.77.48,224.0.0.251,UDP,5353,5353
10.24.74.9,224.0.0.251,UDP,5353,5353
10.24.75.38,224.0.0.251,UDP,5353,5353
10.24.82.166,239.255.255.250,UDP,52341,1900
10.24.81.67,224.0.0.251,UDP,5353,5353
10.24.77.37,224.0.0.251,UDP,5353,5353
10.24.76.124,224.0.0.22,OTHER,-,-
10.24.75.45,224.0.0.251,UDP,5353,5353
10.24.75.155,224.0.0.251,UDP,5353,5353
10.24.77.7,224.0.0.22,OTHER,-,-
10.24.72.146,224.0.0.22,OTHER,-,-
10.24.95.232,224.0.0.251,UDP,5353,5353
10.24.77.7,224.0.0.251,UDP,5353,5353
10.24.95.232,224.0.0.251,UDP,5353,5353
10.24.75.38,224.0.0.251,UDP,5353,5353
10.24.77.163,10.24.95.255,UDP,137,137
10.24.73.110,224.0.0.251,UDP,5353,5353
10.24.77.163,224.0.0.252,UDP,62132,5355
10.24.75.38,224.0.0.251,UDP,5353,5353
10.24.95.232,224.0.0.251,UDP,5353,5353
10.24.95.232,224.0.0.251,UDP,5353,5353
10.24.73.110,224.0.0.251,UDP,5353,5353
10.24.76.124,224.0.0.22,OTHER,-,-
10.24.72.32,224.0.0.251,UDP,5353,5353
10.24.75.71,224.0.0.251,UDP,5353,5353
10.24.74.195,224.0.0.251,UDP,5353,5353
10.24.74.86,224.0.0.22,OTHER,-,-
10.24.74.86,224.0.0.22,OTHER,-,-
10.24.77.224,224.0.0.251,UDP,5353,5353
10.24.76.16,224.0.0.251,UDP,5353,5353
10.24.77.150,224.0.0.251,UDP,5353,5353
10.24.64.183,224.0.0.251,UDP,5353,5353
10.24.76.174,224.0.0.251,UDP,5353,5353
10.24.75.38,224.0.0.251,UDP,5353,5353
10.24.77.7,224.0.0.251,UDP,5353,5353
10.24.76.250,224.0.0.251,UDP,5353,5353
10.24.82.238,224.0.0.251,UDP,5353,5353
10.24.73.124,224.0.0.251,UDP,5353,5353
10.24.77.37,224.0.0.251,UDP,5353,5353
10.24.76.192,224.0.0.251,UDP,5353,5353
10.24.76.31,224.0.0.251,UDP,5353,5353
10.24.75.237,224.0.0.251,UDP,5353,5353
10.24.76.33,224.0.0.22,OTHER,-,-
10.24.77.26,224.0.0.251,UDP,5353,5353
10.24.77.159,224.0.0.251,UDP,5353,5353
10.24.76.164,224.0.0.251,UDP,5353,5353
10.24.76.62,224.0.0.251,UDP,5353,5353
10.24.77.234,224.0.0.251,UDP,5353,5353
10.24.77.173,224.0.0.251,UDP,5353,5353
10.24.77.216,224.0.0.251,UDP,5353,5353
10.24.73.110,224.0.0.251,UDP,5353,5353
10.24.77.43,224.0.0.251,UDP,5353,5353
10.24.76.122,224.0.0.251,UDP,5353,5353
10.24.74.133,224.0.0.251,UDP,5353,5353
10.24.76.33,224.0.0.22,OTHER,-,-
10.24.77.138,224.0.0.251,UDP,5353,5353
10.24.77.238,224.0.0.251,UDP,5353,5353
10.24.64.30,224.0.0.251,UDP,5353,5353
10.24.77.48,224.0.0.22,OTHER,-,-
10.24.76.97,10.24.95.255,UDP,57621,57621
10.24.74.235,224.0.0.251,UDP,5353,5353
10.24.77.48,224.0.0.22,OTHER,-,-
10.24.77.163,10.24.95.255,UDP,137,137
10.24.64.30,224.0.0.251,UDP,5353,5353
10.24.76.97,239.255.255.250,UDP,47608,1900
10.24.76.97,224.0.0.251,UDP,5353,5353
10.24.77.26,224.0.0.251,UDP,5353,5353
10.24.76.34,224.0.0.251,UDP,5353,5353
10.24.77.7,224.0.0.251,UDP,5353,5353
10.24.64.127,224.0.0.251,UDP,5353,5353
10.24.64.127,224.0.0.251,UDP,5353,5353
10.24.64.127,224.0.0.251,UDP,5353,5353
10.24.95.232,224.0.0.251,UDP,5353,5353
10.24.95.232,224.0.0.251,UDP,5353,5353
10.24.64.127,10.24.95.255,UDP,58981,137
10.24.64.30,224.0.0.251,UDP,5353,5353
10.24.77.26,224.0.0.251,UDP,5353,5353
10.24.77.26,224.0.0.251,UDP,5353,5353
0.0.0.0,255.255.255.255,UDP,68,67
0.0.0.0,255.255.255.255,UDP,68,67
10.24.76.226,239.255.255.250,UDP,34809,1900
10.24.77.37,10.24.95.255,UDP,137,137
10.24.77.37,10.24.95.255,UDP,137,137
10.24.76.226,224.0.0.251,UDP,5353,5353
10.24.77.37,10.24.95.255,UDP,138,138
10.24.75.148,10.24.95.255,UDP,137,137
10.24.76.34,224.0.0.251,UDP,5353,5353
10.24.95.232,224.0.0.251,UDP,5353,5353
10.24.95.232,224.0.0.251,UDP,5353,5353
10.24.77.37,10.24.95.255,UDP,138,138
10.24.66.12,224.0.0.251,UDP,5353,5353
10.24.77.7,224.0.0.251,UDP,5353,5353
10.24.73.173,224.0.0.251,UDP,5353,5353
10.24.64.127,10.24.95.255,UDP,138,138
10.24.64.127,10.24.95.255,UDP,138,138
10.24.76.187,224.0.0.22,OTHER,-,-
10.24.64.127,224.0.0.251,UDP,5353,5353
10.24.77.37,224.0.0.251,UDP,5353,5353
10.24.64.127,224.0.0.251,UDP,5353,5353
10.24.77.48,224.0.0.22,OTHER,-,-
10.24.64.30,224.0.0.251,UDP,5353,5353
10.24.75.38,224.0.0.251,UDP,5353,5353
10.24.77.205,224.0.0.251,UDP,5353,5353
10.24.76.146,224.0.0.251,UDP,5353,5353
10.24.76.187,224.0.0.22,OTHER,-,-
10.24.72.146,224.0.0.251,UDP,5353,5353
10.24.75.38,224.0.0.22,OTHER,-,-
10.24.75.155,224.0.0.251,UDP,5353,5353
10.24.73.110,224.0.0.251,UDP,5353,5353
10.24.76.16,224.0.0.251,UDP,5353,5353
10.24.75.83,224.0.0.251,UDP,5353,5353
10.24.82.102,224.0.0.251,UDP,5353,5353
10.24.74.9,224.0.0.251,UDP,5353,5353
10.24.77.163,10.24.95.255,UDP,137,137
10.24.64.30,224.0.0.251,UDP,5353,5353
10.24.77.127,239.255.255.250,UDP,42845,1900
10.24.67.7,224.0.0.251,UDP,5353,5353
10.24.88.63,224.0.0.251,UDP,5353,5353
10.24.76.34,224.0.0.251,UDP,5353,5353
10.24.76.192,224.0.0.251,UDP,5353,5353
10.24.75.251,239.255.255.250,UDP,63733,1900
10.24.76.187,224.0.0.22,OTHER,-,-
10.24.82.166,224.0.0.251,UDP,5353,5353
10.24.76.34,224.0.0.251,UDP,5353,5353
10.24.88.63,239.255.255.250,UDP,54760,1900
10.24.81.30,224.0.0.22,OTHER,-,-
10.24.77.90,224.0.0.251,UDP,5353,5353
10.24.82.102,224.0.0.251,UDP,5353,5353
10.24.77.26,224.0.0.251,UDP,5353,5353
10.24.77.72,224.0.0.251,UDP,5353,5353
10.24.82.166,239.255.255.250,UDP,52341,1900
10.24.82.103,239.255.255.250,UDP,56148,1900
10.24.76.207,224.0.0.251,UDP,5353,5353
10.24.68.178,224.0.0.251,UDP,5353,5353
10.24.76.78,224.0.0.251,UDP,5353,5353
10.24.76.78,224.0.0.251,UDP,5353,5353
10.24.81.30,224.0.0.22,OTHER,-,-
10.24.81.30,224.0.0.251,UDP,5353,5353
10.24.82.103,239.255.255.250,UDP,50737,1900
10.24.66.12,224.0.0.251,UDP,5353,5353
10.24.73.110,224.0.0.251,UDP,5353,5353
10.24.82.147,224.0.0.22,OTHER,-,-
10.24.77.72,224.0.0.251,UDP,5353,5353
10.24.74.86,224.0.0.22,OTHER,-,-
10.24.74.86,224.0.0.22,OTHER,-,-
10.24.82.103,224.0.0.251,UDP,5353,5353
10.24.76.34,224.0.0.251,UDP,5353,5353
10.24.75.38,224.0.0.251,UDP,5353,5353
10.24.64.183,224.0.0.251,UDP,5353,5353
10.24.81.30,224.0.0.251,UDP,5353,5353
172.64.148.235,10.24.76.172,TCP,443,47332
10.24.76.172,172.64.148.235,TCP,47332,443
172.64.148.235,10.24.76.172,TCP,443,47332
10.24.64.127,224.0.0.251,UDP,5353,5353
0.0.0.0,255.255.255.255,UDP,68,67
10.24.71.188,224.0.0.251,UDP,5353,5353
10.24.80.152,224.0.0.251,UDP,5353,5353
10.24.77.72,224.0.0.251,UDP,5353,5353
10.24.77.57,224.0.0.22,OTHER,-,-
10.24.77.238,224.0.0.251,UDP,5353,5353
10.24.76.34,224.0.0.251,UDP,5353,5353
10.24.82.147,224.0.0.22,OTHER,-,-
10.24.81.30,224.0.0.251,UDP,5353,5353
10.24.64.30,224.0.0.251,UDP,5353,5353
10.24.64.30,224.0.0.251,UDP,5353,5353
10.24.77.100,224.0.0.251,UDP,5353,5353
10.24.71.188,224.0.0.251,UDP,5353,5353
10.24.77.127,239.255.255.250,UDP,42845,1900
10.24.72.165,224.0.0.251,UDP,5353,5353
10.24.77.72,224.0.0.251,UDP,5353,5353
10.24.88.103,224.0.0.251,UDP,5353,5353
10.24.75.251,239.255.255.250,UDP,63733,1900
10.24.77.93,224.0.0.251,UDP,5353,5353
10.24.81.30,224.0.0.251,UDP,5353,5353
10.24.72.211,224.0.0.22,OTHER,-,-
10.24.72.211,224.0.0.251,UDP,5353,5353
10.24.90.6,224.0.0.251,UDP,5353,5353
10.24.71.188,224.0.0.251,UDP,5353,5353
10.24.88.103,224.0.0.251,UDP,5353,5353
10.24.77.7,224.0.0.22,OTHER,-,-
10.24.77.238,239.255.255.250,UDP,63523,1900
10.24.77.57,224.0.0.22,OTHER,-,-
10.24.77.72,224.0.0.251,UDP,5353,5353
10.24.82.103,239.255.255.250,UDP,56148,1900
10.24.77.150,224.0.0.251,UDP,5353,5353
10.24.77.159,224.0.0.251,UDP,5353,5353
10.24.77.173,224.0.0.251,UDP,5353,5353
10.24.77.216,224.0.0.251,UDP,5353,5353
10.24.74.9,224.0.0.251,UDP,5353,5353
10.24.77.205,224.0.0.251,UDP,5353,5353
10.24.76.31,224.0.0.251,UDP,5353,5353
10.24.77.138,224.0.0.251,UDP,5353,5353
10.24.77.224,224.0.0.251,UDP,5353,5353
10.24.77.238,224.0.0.251,UDP,5353,5353
10.24.64.127,224.0.0.251,UDP,5353,5353
10.24.75.154,224.0.0.251,UDP,5353,5353
10.24.76.164,224.0.0.251,UDP,5353,5353
10.24.75.71,224.0.0.251,UDP,5353,5353
10.24.76.78,224.0.0.251,UDP,5353,5353
10.24.76.78,224.0.0.251,UDP,5353,5353
10.24.76.146,224.0.0.251,UDP,5353,5353
10.24.73.222,224.0.0.251,UDP,5353,5353
10.24.77.26,224.0.0.251,UDP,5353,5353
10.24.75.38,224.0.0.251,UDP,5353,5353
10.24.75.155,224.0.0.251,UDP,5353,5353
10.24.74.86,224.0.0.22,OTHER,-,-
10.24.71.188,224.0.0.251,UDP,5353,5353
10.24.76.226,239.255.255.250,UDP,34809,1900
10.24.76.226,224.0.0.251,UDP,5353,5353
10.24.76.34,224.0.0.251,UDP,5353,5353
10.24.72.118,224.0.0.251,UDP,5353,5353
10.24.72.118,224.0.0.251,UDP,5353,5353
10.24.72.118,224.0.0.251,UDP,5353,5353
10.24.73.29,224.0.0.251,UDP,5353,5353
10.24.73.29,224.0.0.251,UDP,5353,5353
10.24.76.122,224.0.0.251,UDP,5353,5353
10.24.72.211,224.0.0.251,UDP,5353,5353
10.24.76.250,224.0.0.251,UDP,5353,5353
10.24.73.29,224.0.0.251,UDP,5353,5353
10.24.77.216,224.0.0.251,UDP,5353,5353
10.24.88.63,224.0.0.251,UDP,5353,5353
10.24.76.34,224.0.0.251,UDP,5353,5353
10.24.76.62,224.0.0.251,UDP,5353,5353
10.24.71.188,224.0.0.251,UDP,5353,5353
10.24.73.222,10.24.95.255,UDP,57621,57621
10.24.73.222,224.0.0.22,OTHER,-,-
10.24.73.29,224.0.0.251,UDP,5353,5353
10.24.76.192,224.0.0.251,UDP,5353,5353
10.24.72.211,224.0.0.251,UDP,5353,5353
10.24.73.222,224.0.0.251,UDP,5353,5353
10.24.76.34,224.0.0.251,UDP,5353,5353
10.24.75.185,224.0.0.251,UDP,5353,5353
10.24.74.133,224.0.0.251,UDP,5353,5353
10.24.68.144,224.0.0.251,UDP,5353,5353
10.24.71.188,224.0.0.251,UDP,5353,5353
10.24.77.127,239.255.255.250,UDP,42845,1900
10.24.73.229,239.255.255.250,UDP,52334,1900
10.24.77.90,224.0.0.251,UDP,5353,5353
10.24.73.229,239.255.255.250,UDP,52334,1900
10.24.73.29,224.0.0.251,UDP,5353,5353
10.24.75.251,239.255.255.250,UDP,63733,1900
10.24.77.62,239.255.255.250,UDP,57058,1900
10.24.75.38,224.0.0.251,UDP,5353,5353
10.24.82.166,224.0.0.251,UDP,5353,5353
10.24.76.34,224.0.0.251,UDP,5353,5353
10.24.81.30,224.0.0.251,UDP,5353,5353
10.24.77.37,224.0.0.251,UDP,5353,5353
10.24.71.188,224.0.0.251,UDP,5353,5353
10.24.84.255,224.0.0.251,UDP,5353,5353
10.24.82.102,224.0.0.251,UDP,5353,5353
10.24.77.62,239.255.255.250,UDP,57058,1900
10.24.76.146,224.0.0.251,UDP,5353,5353
10.24.73.29,224.0.0.251,UDP,5353,5353
10.24.75.38,224.0.0.251,UDP,5353,5353
10.24.77.173,224.0.0.251,UDP,5353,5353
10.24.82.238,224.0.0.251,UDP,5353,5353
10.24.74.9,224.0.0.251,UDP,5353,5353
10.24.77.234,224.0.0.251,UDP,5353,5353
10.24.77.138,224.0.0.251,UDP,5353,5353
10.24.73.173,224.0.0.251,UDP,5353,5353
10.24.77.43,224.0.0.251,UDP,5353,5353
10.24.67.36,224.0.0.251,UDP,5353,5353
10.24.77.238,224.0.0.251,UDP,5353,5353
10.24.64.127,224.0.0.251,UDP,5353,5353
10.24.64.127,224.0.0.251,UDP,5353,5353
10.24.76.78,224.0.0.251,UDP,5353,5353
10.24.76.78,224.0.0.251,UDP,5353,5353
10.24.77.102,224.0.0.251,UDP,5353,5353
10.24.74.86,224.0.0.22,OTHER,-,-
10.24.74.86,224.0.0.22,OTHER,-,-
10.24.73.29,224.0.0.251,UDP,5353,5353
0.0.0.0,255.255.255.255,UDP,68,67
10.24.74.195,224.0.0.251,UDP,5353,5353
0.0.0.0,255.255.255.255,UDP,68,67
10.24.77.252,224.0.0.22,OTHER,-,-
10.24.77.90,224.0.0.251,UDP,5353,5353
10.24.77.205,224.0.0.251,UDP,5353,5353
10.24.77.159,224.0.0.251,UDP,5353,5353
10.24.73.229,224.0.0.252,UDP,60464,5355
10.24.77.252,10.24.95.255,UDP,137,137
10.24.77.252,10.24.95.255,UDP,137,137
10.24.77.252,10.24.95.255,UDP,137,137
10.24.64.127,10.24.95.255,UDP,138,138
10.24.64.127,10.24.95.255,UDP,138,138
10.24.77.57,224.0.0.22,OTHER,-,-
10.24.77.72,224.0.0.251,UDP,5353,5353
10.24.77.44,239.255.255.250,UDP,58160,1900
0.0.0.0,255.255.255.255,UDP,68,67
10.24.77.57,224.0.0.22,OTHER,-,-
0.0.0.0,255.255.255.255,UDP,68,67
10.24.76.226,224.0.0.251,UDP,5353,5353
10.24.73.229,224.0.0.22,OTHER,-,-
10.24.64.30,224.0.0.251,UDP,5353,5353
10.24.68.144,224.0.0.251,UDP,5353,5353
10.24.64.30,224.0.0.251,UDP,5353,5353
10.24.86.240,239.255.255.250,UDP,42399,1900
10.24.77.102,224.0.0.251,UDP,5353,5353
10.24.77.127,239.255.255.250,UDP,42845,1900
10.24.77.72,224.0.0.251,UDP,5353,5353
10.24.77.37,10.24.95.255,UDP,138,138
10.24.73.229,224.0.0.252,UDP,60464,5355
10.24.75.251,239.255.255.250,UDP,63733,1900
10.24.74.23,224.0.0.251,UDP,5353,5353
10.24.84.255,224.0.0.251,UDP,5353,5353
10.24.73.222,224.0.0.22,OTHER,-,-
10.24.77.57,224.0.0.22,OTHER,-,-
10.24.77.72,224.0.0.251,UDP,5353,5353
10.24.72.138,224.0.0.251,UDP,5353,5353
10.24.73.229,224.0.0.22,OTHER,-,-
10.24.75.80,224.0.0.22,OTHER,-,-
10.24.73.229,224.0.0.22,OTHER,-,-
10.24.75.92,224.0.0.22,OTHER,-,-
10.24.75.92,224.0.0.22,OTHER,-,-
10.24.77.252,10.24.95.255,UDP,137,137
10.24.71.188,224.0.0.251,UDP,5353,5353
10.24.77.0,10.24.95.255,UDP,138,138
10.24.75.92,224.0.0.22,OTHER,-,-
10.24.76.192,224.0.0.251,UDP,5353,5353
10.24.88.63,224.0.0.251,UDP,5353,5353
10.24.73.229,224.0.0.22,OTHER,-,-
10.24.64.127,224.0.0.251,UDP,5353,5353
10.24.76.226,239.255.255.250,UDP,34809,1900
10.24.76.226,224.0.0.251,UDP,5353,5353
10.24.76.34,224.0.0.251,UDP,5353,5353
10.24.64.127,224.0.0.251,UDP,5353,5353
10.24.73.229,224.0.0.22,OTHER,-,-
10.24.73.229,224.0.0.22,OTHER,-,-
0.0.0.0,255.255.255.255,UDP,68,67
10.24.77.102,224.0.0.251,UDP,5353,5353
10.24.69.148,239.255.255.250,UDP,33852,1900
10.24.83.1,224.0.0.251,UDP,5353,5353
10.24.73.29,224.0.0.251,UDP,5353,5353
10.24.76.234,224.0.0.22,OTHER,-,-
10.24.77.37,224.0.0.251,UDP,5353,5353
10.24.88.63,224.0.0.251,UDP,5353,5353
10.24.76.34,224.0.0.251,UDP,5353,5353
10.24.82.243,224.0.0.251,OTHER,-,-
10.24.77.44,239.255.255.250,UDP,58160,1900
10.24.75.121,224.0.0.251,UDP,5353,5353
10.24.73.222,239.255.255.250,UDP,62881,1900
10.24.77.102,224.0.0.251,UDP,5353,5353
10.24.73.229,224.0.0.22,OTHER,-,-
10.24.77.17,224.0.0.22,OTHER,-,-
10.24.73.222,224.0.0.251,UDP,5353,5353
10.24.76.34,224.0.0.251,UDP,5353,5353
10.24.75.92,224.0.0.22,OTHER,-,-
10.24.76.122,224.0.0.251,UDP,5353,5353
10.24.72.70,224.0.0.251,UDP,5353,5353
10.24.75.92,224.0.0.251,UDP,5353,5353
10.24.67.7,224.0.0.22,OTHER,-,-
10.24.67.7,224.0.0.22,OTHER,-,-
10.24.73.229,224.0.0.252,UDP,58158,5355
10.24.68.178,224.0.0.251,UDP,5353,5353
10.24.77.252,255.255.255.255,UDP,1947,1947
10.24.77.252,255.255.255.255,UDP,60061,1947
10.24.65.151,224.0.0.251,UDP,5353,5353
10.24.82.166,224.0.0.251,UDP,5353,5353
10.24.75.121,224.0.0.251,UDP,5353,5353
10.24.75.121,224.0.0.251,UDP,5353,5353
10.24.76.34,224.0.0.251,UDP,5353,5353
10.24.88.63,239.255.255.250,UDP,54760,1900
10.24.81.30,224.0.0.251,UDP,5353,5353
10.24.77.252,10.24.95.255,UDP,137,137
10.24.77.252,10.24.95.255,UDP,137,137
10.24.75.121,224.0.0.251,UDP,5353,5353
10.24.75.92,224.0.0.251,UDP,5353,5353
10.24.76.234,224.0.0.22,OTHER,-,-
10.24.77.37,224.0.0.251,UDP,5353,5353
10.24.77.138,224.0.0.251,UDP,5353,5353
10.24.75.17,224.0.0.22,OTHER,-,-
10.24.82.166,239.255.255.250,UDP,52341,1900
10.24.75.17,224.0.0.22,OTHER,-,-
10.24.71.188,224.0.0.251,UDP,5353,5353
10.24.72.10,224.0.0.251,UDP,5353,5353
10.24.77.72,224.0.0.251,UDP,5353,5353
10.24.76.122,224.0.0.251,UDP,5353,5353
10.24.73.29,224.0.0.251,UDP,5353,5353
10.24.75.121,224.0.0.251,UDP,5353,5353
10.24.74.74,224.0.0.251,UDP,5353,5353
10.24.76.250,224.0.0.251,UDP,5353,5353
10.24.75.92,224.0.0.251,UDP,5353,5353
10.24.75.121,224.0.0.251,UDP,5353,5353
10.24.64.127,224.0.0.251,UDP,5353,5353
10.24.77.72,224.0.0.251,UDP,5353,5353
10.24.82.238,224.0.0.251,UDP,5353,5353
10.24.76.193,224.0.0.251,UDP,5353,5353
10.24.75.41,224.0.0.251,UDP,5353,5353
10.24.74.86,224.0.0.22,OTHER,-,-
10.24.74.86,224.0.0.22,OTHER,-,-
10.24.77.102,224.0.0.251,UDP,5353,5353
10.24.69.148,239.255.255.250,UDP,33852,1900
10.24.75.121,224.0.0.251,UDP,5353,5353
0.0.0.0,255.255.255.255,UDP,68,67
10.24.73.110,224.0.0.251,UDP,5353,5353
10.24.76.201,224.0.0.251,UDP,5353,5353
10.24.73.222,10.24.95.255,UDP,57621,57621
10.24.75.121,224.0.0.251,UDP,5353,5353
10.24.77.17,224.0.0.251,UDP,5353,5353
10.24.77.44,239.255.255.250,UDP,58160,1900
10.24.75.92,224.0.0.251,UDP,5353,5353
10.24.75.121,224.0.0.251,UDP,5353,5353
10.24.76.30,224.0.0.22,OTHER,-,-
10.24.77.238,224.0.0.251,UDP,5353,5353
10.24.72.194,224.0.0.251,UDP,5353,5353
10.24.77.252,10.24.95.255,UDP,137,137
10.24.68.178,224.0.0.251,UDP,5353,5353
10.24.77.252,10.24.95.255,UDP,137,137
10.24.77.252,10.24.95.255,UDP,137,137
10.24.64.127,10.24.95.255,UDP,138,138
10.24.75.121,224.0.0.251,UDP,5353,5353
10.24.71.188,224.0.0.251,UDP,5353,5353
10.24.75.121,224.0.0.251,UDP,5353,5353
10.24.75.121,224.0.0.251,UDP,5353,5353
10.24.75.121,224.0.0.251,UDP,5353,5353
10.24.73.119,239.255.255.250,UDP,35248,1900
10.24.74.235,224.0.0.251,UDP,5353,5353
10.24.74.235,224.0.0.251,UDP,5353,5353
10.24.74.235,224.0.0.251,UDP,5353,5353
10.24.83.1,239.255.255.250,UDP,36590,1900
10.24.82.50,224.0.0.251,UDP,5353,5353
10.24.76.30,224.0.0.22,OTHER,-,-
10.24.77.159,224.0.0.251,UDP,5353,5353
10.24.76.122,224.0.0.251,UDP,5353,5353
10.24.77.224,224.0.0.251,UDP,5353,5353
10.24.75.237,224.0.0.251,UDP,5353,5353
10.24.77.238,224.0.0.251,UDP,5353,5353
10.24.75.154,224.0.0.251,UDP,5353,5353
10.24.85.34,224.0.0.251,UDP,5353,5353
10.24.77.150,224.0.0.251,UDP,5353,5353
10.24.76.174,224.0.0.251,UDP,5353,5353
10.24.77.234,224.0.0.251,UDP,5353,5353
10.24.64.127,224.0.0.251,UDP,5353,5353
10.24.77.90,224.0.0.251,UDP,5353,5353
10.24.76.31,224.0.0.251,UDP,5353,5353
10.24.73.229,224.0.0.22,OTHER,-,-
10.24.75.71,224.0.0.251,UDP,5353,5353
10.24.74.195,224.0.0.251,UDP,5353,5353
10.24.71.188,224.0.0.251,UDP,5353,5353
10.24.77.216,224.0.0.251,UDP,5353,5353
10.24.74.9,224.0.0.251,UDP,5353,5353
10.24.75.155,224.0.0.251,UDP,5353,5353
10.24.77.138,224.0.0.251,UDP,5353,5353
10.24.82.238,239.255.255.250,UDP,54596,1900
10.24.76.250,224.0.0.251,UDP,5353,5353
10.24.74.81,224.0.0.251,UDP,5353,5353
10.24.74.81,239.255.255.250,UDP,61611,1900
10.24.76.34,224.0.0.251,UDP,5353,5353
10.24.82.238,239.255.255.250,UDP,62322,1900
10.24.74.81,224.0.0.251,UDP,5353,5353
10.24.74.81,224.0.0.251,UDP,5353,5353
10.24.74.81,239.255.255.250,UDP,61611,1900
10.24.76.34,224.0.0.251,UDP,5353,5353
0.0.0.0,255.255.255.255,UDP,68,67
10.24.76.226,239.255.255.250,UDP,34809,1900
10.24.76.226,224.0.0.251,UDP,5353,5353
10.24.76.34,224.0.0.251,UDP,5353,5353
10.24.69.148,239.255.255.250,UDP,33852,1900
10.24.73.6,224.0.0.22,OTHER,-,-
10.24.73.29,224.0.0.251,UDP,5353,5353
10.24.74.235,224.0.0.251,UDP,5353,5353
10.24.74.81,224.0.0.251,UDP,5353,5353
10.24.88.63,224.0.0.251,UDP,5353,5353
10.24.77.252,224.0.0.22,OTHER,-,-
10.24.77.252,224.0.0.22,OTHER,-,-
10.24.77.252,224.0.0.252,UDP,62578,5355
10.24.74.81,10.24.95.255,UDP,57621,57621
10.24.81.81,224.0.0.251,UDP,5353,5353
10.24.73.229,224.0.0.252,UDP,49376,5355
10.24.77.17,224.0.0.251,UDP,5353,5353
10.24.73.222,239.255.255.250,UDP,62881,1900
10.24.77.44,239.255.255.250,UDP,58160,1900
10.24.77.252,224.0.0.252,UDP,62578,5355
10.24.83.202,239.255.255.250,UDP,37880,1900
10.24.73.229,224.0.0.22,OTHER,-,-
10.24.77.102,224.0.0.251,UDP,5353,5353
10.24.73.222,224.0.0.251,UDP,5353,5353
10.24.76.34,224.0.0.251,UDP,5353,5353
10.24.75.92,224.0.0.251,UDP,5353,5353
10.24.85.34,224.0.0.251,UDP,5353,5353
10.24.68.144,224.0.0.251,UDP,5353,5353
10.24.77.238,224.0.0.251,UDP,5353,5353
10.24.76.35,224.0.0.22,OTHER,-,-
10.24.74.81,224.0.0.251,UDP,5353,5353
10.24.85.34,239.255.255.250,UDP,59879,1900
10.24.77.252,10.24.95.255,UDP,137,137
10.24.75.121,10.24.95.255,UDP,137,137
10.24.72.211,224.0.0.22,OTHER,-,-
10.24.72.211,224.0.0.251,UDP,5353,5353
10.24.82.166,224.0.0.251,UDP,5353,5353
10.24.76.34,224.0.0.251,UDP,5353,5353
10.24.77.37,10.24.95.255,UDP,138,138
10.24.88.63,239.255.255.250,UDP,54760,1900
10.24.84.255,224.0.0.251,UDP,5353,5353
10.24.77.252,224.0.0.22,OTHER,-,-
10.24.74.81,224.0.0.251,UDP,5353,5353
10.24.64.79,224.0.0.22,OTHER,-,-
10.24.76.31,224.0.0.251,UDP,5353,5353
10.24.76.192,224.0.0.251,UDP,5353,5353
10.24.74.133,224.0.0.251,UDP,5353,5353
10.24.75.121,224.0.0.251,UDP,5353,5353
10.24.73.222,224.0.0.251,UDP,5353,5353
10.24.77.90,224.0.0.251,UDP,5353,5353
10.24.76.146,224.0.0.251,UDP,5353,5353
